GAME_ID,TEAM1,TEAM2,DATE,PF,3PM,DUNKS,OT,CLUTCH,GEI
0022401186,ATL,ORL,2025-04-13,23,32,16,0,0,4.9
0022401188,BKN,NYK,2025-04-13,49,28,5,0,1,7.5
0022401195,UTA,MIN,2025-04-13,31,29,11,0,0,5.1
0022401194,MEM,DAL,2025-04-13,28,20,19,0,0,3.2
0022401196,OKC,NOP,2025-04-13,44,16,6,0,0,3.7
0022401200,SAC,PHX,2025-04-13,16,29,7,0,0,5.0
0022401192,MIL,DET,2025-04-13,36,45,5,1,1,9.1
0022401187,BOS,CHA,2025-04-13,30,25,4,0,1,6.013658536585366
0022401199,POR,LAL,2025-04-13,37,24,12,0,0,3.5
0022401193,DEN,HOU,2025-04-13,37,22,13,0,0,3.2
0022401190,WAS,MIA,2025-04-13,26,26,15,0,1,9.1
0022401198,GSW,LAC,2025-04-13,41,29,12,1,1,10.2
0022401191,PHI,CHI,2025-04-13,32,25,13,0,0,5.4
0022401189,CLE,IND,2025-04-13,43,28,10,1,1,6.013658536585366
0022401197,TOR,SAS,2025-04-13,36,25,12,0,1,6.8
0022401184,LAC,SAC,2025-04-11,37,17,8,0,1,7.3
0022401172,IND,ORL,2025-04-11,47,25,11,0,0,2.5
0022401185,LAL,HOU,2025-04-11,32,37,16,0,0,3.3
0022401171,DET,MIL,2025-04-11,36,35,12,0,1,8.0
0022401176,CHI,WAS,2025-04-11,29,23,8,0,0,3.1
0022401173,ATL,PHI,2025-04-11,32,28,9,0,0,7.0
0022401180,MEM,DEN,2025-04-11,41,19,17,0,1,8.0
0022401183,POR,GSW,2025-04-11,39,20,7,0,0,3.4
0022401182,PHX,SAS,2025-04-11,16,32,10,0,0,3.6
0022401174,BOS,CHA,2025-04-11,25,38,7,0,0,4.6
0022401181,OKC,UTA,2025-04-11,31,41,9,0,0,3.7
0022401175,NYK,CLE,2025-04-11,35,27,7,0,1,7.5
0022401177,NOP,MIA,2025-04-11,29,34,12,0,0,6.013658536585366
0022401178,TOR,DAL,2025-04-11,27,26,12,0,0,2.1
0022401179,BKN,MIN,2025-04-11,39,23,11,0,0,3.2
0022401169,ATL,BKN,2025-04-10,45,37,11,0,0,1.9
0022401167,DET,NYK,2025-04-10,42,19,15,0,1,7.1
0022401168,CLE,IND,2025-04-10,32,31,6,0,1,9.6
0022401170,MIN,MEM,2025-04-10,47,38,7,0,0,4.4
0022401161,NOP,MIL,2025-04-10,38,33,12,0,0,4.7
0022401158,CHA,TOR,2025-04-09,29,30,11,0,0,4.3
0022401164,OKC,PHX,2025-04-09,35,27,7,0,0,5.4
0022401160,MIA,CHI,2025-04-09,24,26,8,0,1,6.1
0022401159,DAL,LAL,2025-04-09,30,21,8,0,0,6.7
0022401162,UTA,POR,2025-04-09,49,26,12,1,1,12.3
0022401163,GSW,SAS,2025-04-09,42,34,7,0,1,9.8
0022401166,LAC,HOU,2025-04-09,25,39,14,0,0,4.4
0022401156,ORL,BOS,2025-04-09,20,23,11,0,0,3.2
0022401157,PHI,WAS,2025-04-09,45,26,9,0,0,6.013658536585366
0022401165,DEN,SAC,2025-04-09,38,29,8,0,1,5.7
0022401155,SAS,LAC,2025-04-08,30,31,11,0,1,5.2
0022401149,ATL,ORL,2025-04-08,46,28,9,0,0,6.2
0022401153,OKC,LAL,2025-04-08,41,36,8,0,1,8.2
0022401147,CHI,CLE,2025-04-08,30,40,13,0,0,4.0
0022401151,NYK,BOS,2025-04-08,38,30,1,1,1,11.4
0022401154,GSW,PHX,2025-04-08,29,27,5,0,0,2.0
0022401150,NOP,BKN,2025-04-08,40,29,8,0,1,4.9
0022401148,IND,WAS,2025-04-08,43,20,4,0,1,8.0
0022401146,CHA,MEM,2025-04-08,36,29,12,0,0,2.6
0022401152,MIL,MIN,2025-04-08,35,25,10,0,1,5.6
0022401144,DET,SAC,2025-04-07,44,24,5,0,1,7.3
0022401145,PHI,MIA,2025-04-07,31,28,12,0,0,6.9
0022401138,CLE,SAC,2025-04-06,31,24,13,0,1,8.2
0022401142,IND,DEN,2025-04-06,34,23,11,0,1,8.5
0022401136,ATL,UTA,2025-04-06,37,42,7,0,0,4.1
0022400617,NOP,MIL,2025-04-06,28,23,6,0,1,7.2
0022401134,BKN,TOR,2025-04-06,39,22,11,0,0,5.0
0022401143,GSW,HOU,2025-04-06,29,26,13,0,0,6.9
0022401140,PHX,NYK,2025-04-06,40,16,11,0,1,4.7
0022401139,POR,SAS,2025-04-06,41,26,8,0,1,6.7
0022401137,BOS,WAS,2025-04-06,19,36,10,0,0,2.2
0022401133,CHI,CHA,2025-04-06,45,24,5,0,0,4.0
0022401135,OKC,LAL,2025-04-06,32,34,7,0,0,2.4
0022401128,NYK,ATL,2025-04-05,31,29,7,0,0,2.3
0022401130,MIN,PHI,2025-04-05,38,23,14,0,1,7.5
0022401129,DET,MEM,2025-04-05,37,20,6,0,1,8.2
0022401131,MIA,MIL,2025-04-05,38,23,10,1,1,10.2
0022401132,LAC,DAL,2025-04-05,40,18,16,0,0,3.7
0022401126,LAL,NOP,2025-04-04,40,30,10,0,0,5.5
0022401121,TOR,DET,2025-04-04,38,25,13,0,0,5.6
0022401122,CHI,POR,2025-04-04,37,21,8,0,1,7.3
0022401120,BOS,PHX,2025-04-04,28,26,7,0,0,2.9
0022401119,UTA,IND,2025-04-04,41,28,10,0,0,6.6
0022401124,CLE,SAS,2025-04-04,28,38,6,0,1,5.4
0022401127,LAC,DAL,2025-04-04,37,18,8,0,0,2.1
0022401125,GSW,DEN,2025-04-04,33,28,5,0,0,5.0
0022401123,HOU,OKC,2025-04-04,36,26,10,0,0,4.2
0022401118,CHA,SAC,2025-04-04,47,24,7,0,0,2.9
0022401112,ORL,WAS,2025-04-03,32,23,10,0,0,4.9
0022401116,POR,TOR,2025-04-03,32,22,8,0,0,6.6
0022401113,BKN,MIN,2025-04-03,30,24,11,0,0,4.7
0022401115,PHI,MIL,2025-04-03,32,28,10,0,0,5.8
0022401114,MIA,MEM,2025-04-03,39,30,5,0,1,9.9
0022401117,GSW,LAL,2025-04-03,44,37,6,0,1,5.6
0022401108,DET,OKC,2025-04-02,44,20,11,0,1,5.9
0022401111,NOP,LAC,2025-04-02,30,17,8,0,0,4.6
0022401110,SAS,DEN,2025-04-02,29,30,8,0,1,7.5
0022401109,DAL,ATL,2025-04-02,35,30,14,0,1,9.5
0022401104,CHA,IND,2025-04-02,31,28,9,0,0,6.013658536585366
0022401105,WAS,SAC,2025-04-02,37,27,6,0,1,6.1
0022401107,HOU,UTA,2025-04-02,32,29,15,0,0,2.7
0022401103,CLE,NYK,2025-04-02,37,23,11,0,0,5.2
0022401106,BOS,MIA,2025-04-02,30,26,5,0,0,4.9
0022401102,MIN,DEN,2025-04-01,56,31,13,1,1,15.1
0022401099,TOR,CHI,2025-04-01,29,34,10,0,0,3.5
0022401097,ATL,POR,2025-04-01,40,20,10,0,0,6.6
0022401098,NYK,PHI,2025-04-01,39,18,12,0,0,4.4
0022401100,MEM,GSW,2025-04-01,45,40,6,0,1,9.4
0022401101,MIL,PHX,2025-04-01,41,35,8,0,1,5.1
0022400988,ORL,SAS,2025-04-01,29,31,7,0,0,6.9
0022401094,OKC,CHI,2025-03-31,32,39,8,0,0,2.1
0022401093,BOS,MEM,2025-03-31,27,32,5,0,0,6.3
0022401096,HOU,LAL,2025-03-31,35,26,5,0,1,8.0
0022401095,DAL,BKN,2025-03-31,42,30,12,0,1,9.3
0022401091,LAC,ORL,2025-03-31,36,15,7,0,1,6.4
0022401092,MIA,WAS,2025-03-31,36,22,10,0,0,3.5
0022401089,UTA,CHA,2025-03-31,29,29,7,0,1,7.6
0022401090,SAC,IND,2025-03-31,32,26,11,0,1,7.8
0022401081,LAC,CLE,2025-03-30,34,31,10,0,1,5.2
0022401084,DET,MIN,2025-03-30,48,24,11,0,0,6.3
0022401087,TOR,PHI,2025-03-30,25,25,11,0,0,4.3
0022401082,NYK,POR,2025-03-30,29,19,10,0,0,6.4
0022401085,CHA,NOP,2025-03-30,34,17,8,0,1,10.2
0022401088,HOU,PHX,2025-03-30,36,28,17,0,0,2.4
0022401083,ATL,MIL,2025-03-30,53,29,10,0,0,4.0
0022401086,SAS,GSW,2025-03-30,35,37,8,0,0,2.1
0022401080,SAS,BOS,2025-03-29,34,31,4,0,0,5.0
0022401077,DAL,CHI,2025-03-29,35,23,11,0,1,7.3
0022401075,WAS,BKN,2025-03-29,38,27,7,0,1,6.013658536585366
0022401074,ORL,SAC,2025-03-29,39,25,6,0,0,2.7
0022401076,PHI,MIA,2025-03-29,28,33,9,0,0,4.6
0022401078,MEM,LAL,2025-03-29,48,33,12,0,1,7.4
0022401079,IND,OKC,2025-03-29,33,31,7,0,0,4.1
0022401068,BKN,LAC,2025-03-28,43,33,9,0,0,6.013658536585366
0022401073,UTA,DEN,2025-03-28,35,18,15,0,0,3.9
0022401070,MIL,NYK,2025-03-28,28,25,8,0,0,4.4
0022401072,GSW,NOP,2025-03-28,45,20,7,0,0,6.2
0022401071,MIN,PHX,2025-03-28,34,37,13,0,0,3.3
0022401067,CLE,DET,2025-03-28,56,30,11,0,1,5.8
0022401069,TOR,CHA,2025-03-28,27,23,9,0,0,5.1
0022401061,WAS,IND,2025-03-27,34,38,9,0,0,2.5
0022401063,LAL,CHI,2025-03-27,34,31,8,0,1,8.0
0022401060,DAL,ORL,2025-03-27,37,16,6,0,0,6.2
0022401064,OKC,MEM,2025-03-27,37,29,9,0,0,6.9
0022401065,HOU,UTA,2025-03-27,34,23,6,0,1,6.4
0022401066,POR,SAC,2025-03-27,43,26,9,0,0,3.1
0022401059,CLE,SAS,2025-03-27,34,31,13,0,1,9.7
0022401062,ATL,MIA,2025-03-27,21,36,8,0,1,4.8
0022401053,PHI,WAS,2025-03-26,27,32,15,0,1,6.013658536585366
0022401054,TOR,BKN,2025-03-26,43,18,15,0,0,3.3
0022401055,IND,LAL,2025-03-26,38,32,10,0,1,9.0
0022401058,PHX,BOS,2025-03-26,36,35,12,0,0,2.9
0022401056,LAC,NYK,2025-03-26,35,29,7,0,0,5.2
0022401057,DEN,MIL,2025-03-26,26,32,15,0,1,6.8
0022401046,SAS,DET,2025-03-25,38,29,7,0,0,2.7
0022401048,DAL,NYK,2025-03-25,34,16,12,0,0,4.6
0022401045,CHA,ORL,2025-03-25,43,27,7,0,1,8.4
0022401050,MEM,UTA,2025-03-25,37,37,8,0,0,4.1
0022401051,POR,CLE,2025-03-25,33,29,13,0,0,7.4
0022401047,GSW,MIA,2025-03-25,29,26,8,0,0,3.6
0022401052,SAC,OKC,2025-03-25,33,42,6,0,0,4.3
0022401049,ATL,HOU,2025-03-25,38,26,9,0,1,4.4
0022401043,MIL,PHX,2025-03-24,37,26,12,0,1,10.2
0022401042,DEN,CHI,2025-03-24,33,28,15,0,0,7.5
0022401038,ORL,LAL,2025-03-24,38,25,3,0,0,5.1
0022401039,WAS,TOR,2025-03-24,42,21,11,0,0,7.9
0022401037,IND,MIN,2025-03-24,25,22,8,0,0,4.0
0022401044,BOS,SAC,2025-03-24,32,27,9,0,0,4.8
0022401041,PHI,NOP,2025-03-24,33,29,7,0,0,4.7
0022401040,DAL,BKN,2025-03-24,30,21,16,0,0,3.1
0022401030,CLE,UTA,2025-03-23,40,27,8,0,0,4.1
0022401031,ATL,PHI,2025-03-23,44,28,11,0,0,3.6
0022401036,OKC,LAC,2025-03-23,41,20,4,0,1,9.5
0022401032,MIA,CHA,2025-03-23,28,23,10,0,0,3.8
0022401033,TOR,SAS,2025-03-23,35,24,8,0,0,2.5
0022401034,BOS,POR,2025-03-23,25,42,10,0,0,4.4
0022401035,DEN,HOU,2025-03-23,43,21,15,0,1,5.7
0022401029,NOP,DET,2025-03-23,50,33,8,0,1,7.8
0022401026,WAS,NYK,2025-03-22,40,24,14,0,0,3.1
0022401025,GSW,ATL,2025-03-22,39,31,7,0,0,3.6
0022401024,BKN,IND,2025-03-22,44,26,8,0,1,5.9
0022401027,SAC,MIL,2025-03-22,34,22,10,0,1,7.9
0022401028,CHI,LAL,2025-03-22,32,36,10,0,0,4.9
0022401020,BOS,UTA,2025-03-21,32,31,10,0,0,4.7
0022401018,PHI,SAS,2025-03-21,29,33,13,0,1,8.1
0022401014,ORL,WAS,2025-03-21,27,34,6,0,0,3.6
0022401023,LAC,MEM,2025-03-21,34,36,7,0,0,5.1
0022401015,MIA,HOU,2025-03-21,30,24,11,0,1,6.9
0022401022,POR,DEN,2025-03-21,43,23,13,0,0,6.2
0022401021,CLE,PHX,2025-03-21,28,36,6,0,0,3.8
0022401017,OKC,CHA,2025-03-21,26,40,9,0,0,2.5
0022401019,DAL,DET,2025-03-21,38,23,11,0,1,7.8
0022401016,MIN,NOP,2025-03-21,37,30,11,0,0,3.4
0022401010,CHA,NYK,2025-03-20,38,25,8,0,0,4.5
0022401013,SAC,CHI,2025-03-20,41,30,7,0,0,6.9
0022400996,MIL,LAL,2025-03-20,39,22,9,0,0,3.5
0022401005,GSW,TOR,2025-03-20,39,30,6,0,1,8.7
0022401011,IND,BKN,2025-03-20,45,22,7,1,1,11.4
0022401002,PHI,OKC,2025-03-19,27,42,6,0,0,3.1
0022401006,DEN,LAL,2025-03-19,34,29,13,0,0,2.8
0022401003,SAS,NYK,2025-03-19,40,27,15,0,0,4.0
0022400999,HOU,ORL,2025-03-19,38,20,9,0,0,4.9
0022400998,IND,DAL,2025-03-19,52,27,13,0,1,8.7
0022400627,UTA,WAS,2025-03-19,29,29,13,0,0,6.0
0022401009,SAC,CLE,2025-03-19,34,29,14,0,1,8.8
0022401007,CHI,PHX,2025-03-19,32,30,7,0,1,4.0
0022401000,DET,MIA,2025-03-19,35,19,17,0,1,9.6
0022401008,POR,MEM,2025-03-19,37,26,8,0,0,4.9
0022401001,NOP,MIN,2025-03-19,44,29,5,0,1,9.9
0022400997,LAC,CLE,2025-03-18,47,30,8,0,0,6.9
0022400994,BOS,BKN,2025-03-18,33,29,6,0,1,7.5
0022401012,MIL,GSW,2025-03-18,39,29,3,0,1,6.7
0022400993,ATL,CHA,2025-03-18,33,32,3,0,0,3.2
0022400991,TOR,PHX,2025-03-17,36,30,7,0,0,2.5
0022400987,DET,NOP,2025-03-17,34,18,14,0,0,1.6
0022400985,HOU,PHI,2025-03-17,47,46,4,1,1,7.8
0022400995,POR,WAS,2025-03-17,26,27,11,0,0,4.3
0022400537,SAS,LAL,2025-03-17,28,34,10,0,0,3.3
0022400984,MIA,NYK,2025-03-17,25,22,13,0,0,4.2
0022400992,MEM,SAC,2025-03-17,43,33,8,0,0,5.3
0022400986,MIN,IND,2025-03-17,47,30,9,1,1,13.3
0022400990,GSW,DEN,2025-03-17,45,22,11,0,0,6.0
0022400989,CHI,UTA,2025-03-17,33,23,9,0,0,6.1
0022400976,PHI,DAL,2025-03-16,40,24,9,0,1,6.9
0022400980,POR,TOR,2025-03-16,42,28,8,0,1,8.4
0022400981,UTA,MIN,2025-03-16,36,26,9,0,0,3.4
0022400982,OKC,MIL,2025-03-16,43,23,8,0,0,3.4
0022400979,CLE,ORL,2025-03-16,42,23,8,0,1,9.7
0022400538,CHA,LAC,2025-03-16,30,19,10,0,0,2.4
0022400977,PHX,LAL,2025-03-16,47,23,11,0,0,4.0
0022400978,BKN,ATL,2025-03-16,35,28,9,0,1,7.9
0022400972,MIL,IND,2025-03-15,31,32,8,0,1,4.7
0022400971,MIA,MEM,2025-03-15,32,21,10,0,0,3.3
0022400975,WAS,DEN,2025-03-15,37,31,8,0,1,10.4
0022400970,CHI,HOU,2025-03-15,41,28,7,0,1,8.7
0022400974,NYK,GSW,2025-03-15,29,22,5,0,1,7.8
0022400968,BKN,BOS,2025-03-15,35,33,13,0,1,6.4
0022400969,OKC,DET,2025-03-15,41,24,14,0,1,6.7
0022400973,SAS,NOP,2025-03-15,35,28,6,0,1,7.6
0022400961,DAL,HOU,2025-03-14,24,23,10,0,0,3.2
0022400967,SAC,PHX,2025-03-14,33,32,11,0,0,4.2
0022400959,IND,PHI,2025-03-14,36,21,8,0,0,5.6
0022400962,MEM,CLE,2025-03-14,42,30,11,0,0,3.4
0022400964,SAS,CHA,2025-03-14,34,47,6,0,0,2.2
0022400958,MIA,BOS,2025-03-14,29,32,4,0,1,6.6
0022400966,TOR,UTA,2025-03-14,51,28,6,0,0,6.7
0022400965,LAL,DEN,2025-03-14,40,28,14,0,1,9.9
0022400960,LAC,ATL,2025-03-14,33,21,7,0,0,4.9
0022400963,ORL,MIN,2025-03-14,43,26,9,0,1,7.7
0022400955,LAL,MIL,2025-03-13,44,32,9,0,0,4.0
0022400956,CHI,BKN,2025-03-13,42,22,13,0,1,8.0
0022400954,DET,WAS,2025-03-13,52,30,12,0,1,9.9
0022400957,GSW,SAC,2025-03-13,36,36,6,0,0,4.3
0022401141,NOP,ORL,2025-03-13,36,20,13,0,0,1.8
0022400953,NYK,POR,2025-03-12,39,29,8,1,1,14.8
0022400950,MEM,UTA,2025-03-12,38,32,7,0,1,9.3
0022400952,DEN,MIN,2025-03-12,32,24,7,0,0,4.2
0022400948,LAC,MIA,2025-03-12,27,27,11,0,0,5.1
0022400946,OKC,BOS,2025-03-12,42,33,5,0,1,7.5
0022400947,TOR,PHI,2025-03-12,37,23,11,0,0,5.9
0022400949,PHX,HOU,2025-03-12,37,22,14,0,0,4.9
0022400951,DAL,SAS,2025-03-12,31,24,13,0,0,5.5
0022400945,ATL,CHA,2025-03-12,42,28,11,0,0,6.2
0022400942,MIL,IND,2025-03-11,39,27,17,0,1,9.7
0022400941,DET,WAS,2025-03-11,36,29,10,0,0,3.4
0022400940,BKN,CLE,2025-03-11,31,26,5,0,1,8.0
0022400943,NOP,LAC,2025-03-11,32,31,14,0,1,6.3
0022400938,GSW,POR,2025-03-10,29,39,9,0,0,5.3
0022400937,SAS,DAL,2025-03-10,42,29,6,0,1,8.5
0022400939,SAC,NYK,2025-03-10,44,32,11,0,0,2.9
0022400933,CHI,IND,2025-03-10,32,22,7,0,0,3.7
0022400931,CHA,MIA,2025-03-10,31,21,9,0,1,9.0
0022400928,ATL,PHI,2025-03-10,33,31,9,0,1,4.2
0022400932,WAS,TOR,2025-03-10,38,32,6,0,0,6.2
0022400934,ORL,HOU,2025-03-10,37,24,6,0,0,5.0
0022400930,LAL,BKN,2025-03-10,36,37,11,0,1,8.2
0022400935,MEM,PHX,2025-03-10,44,37,11,0,1,8.9
0022400936,OKC,DEN,2025-03-10,34,37,5,0,0,6.6
0022400929,UTA,BOS,2025-03-10,25,31,7,0,1,6.2
0022400926,POR,DET,2025-03-09,51,24,8,0,1,6.8
0022400925,SAS,MIN,2025-03-09,31,32,9,0,0,4.5
0022400927,SAC,LAC,2025-03-09,39,19,5,1,1,10.5
0022400920,OKC,DEN,2025-03-09,38,25,8,0,0,6.7
0022400921,DAL,PHX,2025-03-09,23,27,12,0,0,4.7
0022400924,PHI,UTA,2025-03-09,44,34,10,0,1,5.7
0022400923,NOP,MEM,2025-03-09,37,26,8,0,1,9.0
0022400922,MIL,CLE,2025-03-09,30,28,10,0,0,5.9
0022400913,NOP,HOU,2025-03-08,30,29,16,0,0,3.0
0022400917,ORL,MIL,2025-03-08,42,23,7,0,1,5.2
0022400919,GSW,DET,2025-03-08,56,17,7,0,1,11.1
0022400918,LAL,BOS,2025-03-08,28,27,7,0,1,4.8
0022400912,BKN,CHA,2025-03-08,32,25,7,0,1,7.6
0022400915,TOR,WAS,2025-03-08,35,23,13,0,1,9.4
0022400914,ATL,IND,2025-03-08,43,20,4,0,1,8.7
0022400916,CHI,MIA,2025-03-08,31,24,6,0,1,8.4
0022400904,CLE,CHA,2025-03-07,52,24,4,0,1,9.6
0022400910,SAC,SAS,2025-03-07,33,33,10,0,0,3.4
0022400911,NYK,LAC,2025-03-07,32,24,6,0,0,7.0
0022400907,MIN,MIA,2025-03-07,28,32,6,0,1,7.6
0022400908,OKC,POR,2025-03-07,29,22,2,0,0,5.8
0022400909,DEN,PHX,2025-03-07,40,37,20,1,1,7.8
0022400906,MEM,DAL,2025-03-07,33,23,4,0,1,9.1
0022400905,TOR,UTA,2025-03-07,47,22,14,0,0,6.3
0022400903,LAL,NYK,2025-03-06,49,24,10,1,1,10.6
0022400944,CHI,ORL,2025-03-06,52,24,10,0,1,9.7
0022400899,IND,ATL,2025-03-06,34,24,7,0,1,7.3
0022400902,NOP,HOU,2025-03-06,43,18,12,0,0,5.1
0022400901,BKN,GSW,2025-03-06,43,27,5,0,1,6.3
0022400900,BOS,PHI,2025-03-06,31,34,17,0,0,3.4
0022400897,MIL,DAL,2025-03-05,22,29,9,0,0,2.7
0022400896,DEN,SAC,2025-03-05,34,23,6,0,1,8.1
0022400891,BOS,POR,2025-03-05,30,39,3,0,0,4.2
0022400892,CHA,MIN,2025-03-05,35,33,9,0,0,4.3
0022400894,UTA,WAS,2025-03-05,37,31,11,0,1,8.8
0022400893,CLE,MIA,2025-03-05,38,27,4,0,1,8.4
0022400898,LAC,DET,2025-03-05,36,24,14,0,1,6.8
0022400895,OKC,MEM,2025-03-05,40,24,6,0,0,5.0
0022400883,ORL,TOR,2025-03-04,52,27,6,0,1,10.2
0022400886,CHI,CLE,2025-03-04,35,28,7,0,0,7.5
0022400889,PHX,LAC,2025-03-04,42,22,16,0,1,5.9
0022400885,GSW,NYK,2025-03-04,31,21,5,0,0,7.3
0022400888,SAS,BKN,2025-03-04,31,35,12,0,0,4.1
0022400887,PHI,MIN,2025-03-04,37,27,8,0,0,6.0
0022400882,HOU,IND,2025-03-04,33,26,9,0,0,6.6
0022400890,LAL,NOP,2025-03-04,29,28,20,0,0,4.4
0022400884,MIL,ATL,2025-03-04,34,27,9,0,1,9.3
0022400880,DAL,SAC,2025-03-03,29,23,9,0,0,3.1
0022400878,MEM,ATL,2025-03-03,40,26,13,0,1,9.1
0022400876,PHI,POR,2025-03-03,28,22,9,0,0,6.0
0022400877,MIA,WAS,2025-03-03,36,23,7,0,0,3.8
0022400875,CHA,GSW,2025-03-03,42,29,4,0,0,5.6
0022400879,OKC,HOU,2025-03-03,39,33,9,0,0,6.1
0022400881,UTA,DET,2025-03-03,46,21,17,0,0,2.6
0022400869,NYK,MIA,2025-03-02,32,25,13,1,1,8.3
0022400867,POR,CLE,2025-03-02,53,33,7,1,1,12.7
0022400872,NOP,UTA,2025-03-02,29,31,10,0,1,7.8
0022400866,BOS,DEN,2025-03-02,36,26,7,0,1,5.5
0022400874,LAC,LAL,2025-03-02,38,30,11,0,1,5.1
0022400870,ORL,TOR,2025-03-02,59,14,8,0,1,5.3
0022400873,PHX,MIN,2025-03-02,33,34,8,0,0,5.4
0022400868,CHI,IND,2025-03-02,33,29,14,0,0,6.3
0022400871,OKC,SAS,2025-03-02,33,37,12,0,0,6.5
0022400865,MIL,DAL,2025-03-01,42,24,10,0,0,3.7
0022400862,HOU,SAC,2025-03-01,33,22,10,0,0,5.9
0022400861,DET,BKN,2025-03-01,53,18,17,0,0,3.7
0022400863,SAS,MEM,2025-03-01,34,25,10,0,1,7.9
0022400864,GSW,PHI,2025-03-01,38,31,6,0,1,8.7
0022400860,WAS,CHA,2025-03-01,24,31,15,0,0,5.6
0022400853,POR,BKN,2025-02-28,43,22,8,0,0,4.0
0022400851,OKC,ATL,2025-02-28,32,38,10,0,0,4.1
0022400857,NOP,PHX,2025-02-28,31,32,14,0,0,2.3
0022400850,DEN,DET,2025-02-28,40,29,17,0,0,4.4
0022400856,MEM,NYK,2025-02-28,33,17,6,0,1,10.2
0022400858,MIN,UTA,2025-02-28,26,34,13,0,1,10.3
0022400855,CHI,TOR,2025-02-28,37,26,11,1,1,9.0
0022400859,LAC,LAL,2025-02-28,33,20,9,0,1,7.7
0022400852,CLE,BOS,2025-02-28,33,34,4,0,1,7.4
0022400854,IND,MIA,2025-02-28,22,38,7,0,1,8.6
0022400845,ORL,GSW,2025-02-27,43,30,11,0,1,6.6
0022400849,MIN,LAL,2025-02-27,47,23,7,0,1,5.2
0022400848,PHX,NOP,2025-02-27,27,37,4,0,1,8.1
0022400847,CHA,DAL,2025-02-27,27,18,9,0,1,6.013658536585366
0022400846,MIL,DEN,2025-02-27,28,23,11,0,1,6.7
0022400839,POR,WAS,2025-02-26,54,24,15,0,1,8.4
0022400841,MIA,ATL,2025-02-26,28,35,10,0,0,5.2
0022400838,NYK,PHI,2025-02-26,34,18,11,0,1,6.6
0022400840,BKN,OKC,2025-02-26,46,32,5,0,0,6.3
0022400844,HOU,SAS,2025-02-26,28,18,18,0,0,2.5
0022400837,TOR,IND,2025-02-26,33,21,11,0,0,4.9
0022400843,SAC,UTA,2025-02-26,26,31,13,0,0,4.8
0022400836,DET,BOS,2025-02-26,31,34,6,0,0,4.7
0022400842,CHI,LAC,2025-02-26,28,38,8,0,1,8.1
0022400829,BOS,TOR,2025-02-25,30,20,7,0,0,5.2
0022400832,MEM,PHX,2025-02-25,47,41,11,1,1,13.1
0022400831,HOU,MIL,2025-02-25,30,24,9,0,1,9.5
0022400835,DAL,LAL,2025-02-25,27,28,11,0,1,7.8
0022400833,NOP,SAS,2025-02-25,36,20,11,0,1,8.1
0022400830,CLE,ORL,2025-02-25,27,24,13,0,0,2.5
0022400834,CHA,GSW,2025-02-25,35,26,8,0,0,3.0
0022400825,MIA,ATL,2025-02-24,31,16,10,0,0,6.4
0022400828,SAC,CHA,2025-02-24,34,30,13,0,0,3.8
0022400826,OKC,MIN,2025-02-24,53,24,6,1,1,7.1
0022400824,BKN,WAS,2025-02-24,54,27,8,0,1,8.1
0022400827,UTA,POR,2025-02-24,34,32,6,0,1,8.3
0022400822,DEN,IND,2025-02-24,35,22,12,0,0,5.4
0022400823,PHI,CHI,2025-02-24,42,28,9,0,0,2.7
0022400821,LAC,DET,2025-02-24,42,20,16,0,1,7.2
0022400818,SAS,NOP,2025-02-23,38,26,10,0,0,6.2
0022400816,PHX,TOR,2025-02-23,42,27,7,0,1,6.4
0022400813,LAC,IND,2025-02-23,42,22,12,0,0,3.4
0022400817,MIL,MIA,2025-02-23,45,23,13,0,1,7.4
0022400812,GSW,DAL,2025-02-23,39,25,8,0,0,2.6
0022400811,NYK,BOS,2025-02-23,29,31,6,0,0,3.7
0022400815,WAS,ORL,2025-02-23,46,21,11,0,0,4.1
0022400814,ATL,DET,2025-02-23,44,41,17,0,1,9.4
0022400820,OKC,MIN,2025-02-23,44,37,8,0,1,7.5
0022400819,MEM,CLE,2025-02-23,51,28,15,0,1,8.0
0022400809,UTA,HOU,2025-02-22,35,30,13,0,1,7.8
0022400806,PHX,CHI,2025-02-22,32,28,6,0,1,7.7
0022400808,LAL,DEN,2025-02-22,38,32,9,0,0,5.2
0022400810,POR,CHA,2025-02-22,43,25,13,0,0,2.3
0022400807,PHI,BKN,2025-02-22,34,17,11,0,1,8.1
0022400803,DAL,NOP,2025-02-21,41,24,5,0,1,7.3
0022400805,GSW,SAC,2025-02-21,35,31,6,0,0,3.7
0022400800,MIA,TOR,2025-02-21,41,30,4,1,1,9.6
0022400798,MEM,ORL,2025-02-21,47,16,9,0,1,9.3
0022400802,SAS,DET,2025-02-21,37,22,14,0,0,4.4
0022400799,MIL,WAS,2025-02-21,45,21,10,0,1,6.3
0022400797,CLE,NYK,2025-02-21,27,29,14,0,0,2.2
0022400804,UTA,OKC,2025-02-21,35,34,13,0,0,3.5
0022400801,MIN,HOU,2025-02-21,47,24,6,0,1,8.2
0022400791,BKN,CLE,2025-02-20,43,21,14,0,0,6.4
0022400795,PHX,SAS,2025-02-20,41,31,7,0,0,6.1
0022400790,ORL,ATL,2025-02-20,47,17,12,0,1,7.4
0022400792,CHI,NYK,2025-02-20,24,33,5,1,1,11.5
0022400788,MEM,IND,2025-02-20,39,29,5,0,0,4.4
0022400793,MIL,LAC,2025-02-20,45,29,11,0,1,8.3
0022400794,CHA,DEN,2025-02-20,35,34,8,0,0,6.6
0022400789,BOS,PHI,2025-02-20,33,32,11,0,0,3.0
0022400796,LAL,POR,2025-02-20,41,21,14,0,1,6.8
0022400524,LAL,CHA,2025-02-19,33,33,8,0,1,9.9
0022400786,DAL,MIA,2025-02-13,31,23,6,0,1,8.6
0022401004,LAC,UTA,2025-02-13,47,32,9,1,1,9.5
0022400787,OKC,MIN,2025-02-13,34,19,9,0,0,5.2
0022400784,HOU,GSW,2025-02-13,38,23,3,0,1,5.6
0022400785,NOP,SAC,2025-02-13,36,38,10,1,1,12.2
0022400772,PHI,BKN,2025-02-12,33,16,14,0,1,5.6
0022400776,MIL,MIN,2025-02-12,28,22,7,0,1,9.6
0022400780,DEN,POR,2025-02-12,39,29,7,0,0,4.0
0022400779,HOU,PHX,2025-02-12,34,23,18,0,1,8.4
0022400777,SAC,NOP,2025-02-12,39,24,8,0,1,7.0
0022400774,TOR,CLE,2025-02-12,33,28,15,0,0,1.8
0022400781,LAL,UTA,2025-02-12,41,35,16,0,0,4.4
0022400778,OKC,MIA,2025-02-12,36,26,9,0,0,5.2
0022400782,GSW,DAL,2025-02-12,32,25,7,0,1,9.5
0022400770,CHA,ORL,2025-02-12,27,22,5,0,0,6.013658536585366
0022400773,NYK,ATL,2025-02-12,52,25,16,1,1,11.8
0022400769,BOS,SAS,2025-02-12,28,27,9,0,0,3.8
0022400771,IND,WAS,2025-02-12,37,39,4,1,1,9.9
0022400783,MEM,LAC,2025-02-12,36,31,15,0,0,4.1
0022400775,DET,CHI,2025-02-12,49,19,14,0,0,4.7
0022400764,TOR,PHI,2025-02-11,38,20,6,0,1,9.7
0022400765,NYK,IND,2025-02-11,39,19,6,0,0,5.6
0022400766,DET,CHI,2025-02-11,29,28,11,0,0,1.7
0022400767,PHX,MEM,2025-02-11,39,24,7,0,1,6.2
0022400757,WAS,SAS,2025-02-10,40,31,13,0,1,7.2
0022400762,SAC,DAL,2025-02-10,41,24,11,1,1,12.8
0022400760,GSW,MIL,2025-02-10,48,23,9,0,0,6.4
0022400763,DEN,POR,2025-02-10,43,23,13,0,0,3.6
0022400768,LAL,UTA,2025-02-10,39,27,14,0,0,2.0
0022400756,ATL,ORL,2025-02-10,38,24,7,0,1,8.3
0022400761,OKC,NOP,2025-02-10,34,37,8,0,0,2.3
0022400759,MIA,BOS,2025-02-10,21,28,6,0,0,3.6
0022400758,BKN,CHA,2025-02-10,34,16,14,0,0,3.8
0022400755,MIN,CLE,2025-02-10,43,29,11,0,0,2.6
0022400753,HOU,TOR,2025-02-09,40,18,7,0,0,7.1
0022400752,CHA,DET,2025-02-09,39,26,15,0,0,3.4
0022400754,MIL,PHI,2025-02-09,39,42,2,0,0,5.6
0022400749,DEN,PHX,2025-02-08,28,33,9,0,0,4.5
0022400751,LAC,UTA,2025-02-08,41,28,13,0,0,6.7
0022400747,MIN,POR,2025-02-08,42,17,10,0,1,6.8
0022400742,LAL,IND,2025-02-08,42,23,12,0,1,3.8
0022400744,WAS,ATL,2025-02-08,37,27,12,0,0,5.1
0022400746,MEM,OKC,2025-02-08,48,30,8,0,0,3.6
0022400741,DAL,HOU,2025-02-08,40,20,15,0,1,5.6
0022400748,BOS,NYK,2025-02-08,36,28,10,0,0,3.5
0022400750,SAC,NOP,2025-02-08,46,25,10,0,1,7.0
0022400743,ORL,SAS,2025-02-08,32,23,10,0,1,9.0
0022400745,GSW,CHI,2025-02-08,42,36,5,0,0,5.0
0022400735,WAS,CLE,2025-02-07,37,32,14,0,0,7.6
0022400739,OKC,TOR,2025-02-07,38,28,12,0,0,4.4
0022400737,BKN,MIA,2025-02-07,34,22,10,0,0,7.0
0022400734,CHA,SAS,2025-02-07,35,29,11,0,1,8.2
0022400740,UTA,PHX,2025-02-07,33,35,15,1,1,10.5
0022400738,DET,PHI,2025-02-07,44,30,11,0,0,2.4
0022400736,ATL,MIL,2025-02-07,31,32,10,0,1,6.7
0022400732,POR,SAC,2025-02-06,38,26,8,0,1,8.2
0022400729,MIN,HOU,2025-02-06,39,28,11,0,1,8.0
0022400731,GSW,LAL,2025-02-06,46,29,15,0,1,5.4
0022400728,BOS,DAL,2025-02-06,32,31,11,0,0,3.1
0022400730,ORL,DEN,2025-02-06,37,17,12,0,0,3.8
0022400733,IND,LAC,2025-02-06,30,30,16,0,1,8.0
0022400718,CLE,DET,2025-02-05,43,28,12,0,1,8.8
0022400720,BKN,WAS,2025-02-05,41,33,8,0,0,4.5
0022400726,DEN,NOP,2025-02-05,31,26,10,0,0,4.7
0022400722,MEM,TOR,2025-02-05,48,28,7,0,0,5.2
0022400719,SAS,ATL,2025-02-05,34,28,17,0,1,8.6
0022400727,SAC,ORL,2025-02-05,38,26,13,0,0,3.7
0022400725,GSW,UTA,2025-02-05,47,30,7,0,1,9.6
0022400721,MIA,PHI,2025-02-05,28,26,4,0,1,7.5
0022400723,CHI,MIN,2025-02-05,37,32,8,0,0,6.1
0022400724,PHX,OKC,2025-02-05,40,26,4,0,0,3.9
0022400717,MIL,CHA,2025-02-05,30,29,4,0,0,3.9
0022400711,HOU,BKN,2025-02-04,43,21,6,0,1,9.9
0022400716,IND,POR,2025-02-04,36,19,10,0,0,5.4
0022400712,PHI,DAL,2025-02-04,40,22,6,0,1,10.2
0022400713,TOR,NYK,2025-02-04,37,19,7,0,1,6.0
0022400710,CLE,BOS,2025-02-04,44,28,13,0,1,5.5
0022400715,LAL,LAC,2025-02-04,32,30,9,0,0,2.5
0022400714,MIA,CHI,2025-02-04,35,36,15,0,1,8.3
0022400708,GSW,ORL,2025-02-03,42,20,5,0,1,7.4
0022400701,DET,ATL,2025-02-03,52,25,16,0,1,9.1
0022400703,MEM,SAS,2025-02-03,36,26,16,0,0,4.8
0022400706,NOP,DEN,2025-02-03,37,30,5,0,0,4.8
0022400707,UTA,IND,2025-02-03,37,23,20,0,1,9.7
0022400709,PHX,POR,2025-02-03,42,31,12,1,1,12.3
0022400705,OKC,MIL,2025-02-03,30,29,13,0,0,1.8
0022400700,CHA,WAS,2025-02-03,38,28,14,0,0,4.5
0022400704,SAC,MIN,2025-02-03,32,22,10,0,1,8.1
0022400702,NYK,HOU,2025-02-03,41,14,9,0,1,9.7
0022400695,CHI,DET,2025-02-02,29,29,15,0,0,6.1
0022400699,MIL,MEM,2025-02-02,36,34,10,0,1,8.8
0022400698,PHI,BOS,2025-02-02,40,36,7,0,1,5.6
0022400696,DAL,CLE,2025-02-02,28,35,11,0,0,1.5
0022400697,LAC,TOR,2025-02-02,32,22,13,0,0,5.0
0022400692,LAL,NYK,2025-02-01,38,29,13,0,0,6.6
0022400686,IND,ATL,2025-02-01,49,26,12,0,1,8.4
0022400687,ORL,UTA,2025-02-01,50,23,11,0,0,3.3
0022400688,CHA,DEN,2025-02-01,29,16,9,0,1,8.1
0022400689,HOU,BKN,2025-02-01,36,22,10,0,0,3.8
0022400694,PHX,POR,2025-02-01,41,19,13,0,0,3.6
0022400693,MIA,SAS,2025-02-01,33,25,10,0,1,10.3
0022400691,OKC,SAC,2025-02-01,28,30,6,0,0,2.7
0022400690,WAS,MIN,2025-02-01,37,27,5,0,1,9.1
0022400680,DAL,DET,2025-01-31,29,20,11,0,0,6.1
0022400679,CHA,LAC,2025-01-31,34,18,14,0,1,6.9
0022400683,NOP,BOS,2025-01-31,37,31,7,0,1,10.0
0022400684,MIL,SAS,2025-01-31,39,36,12,0,0,5.2
0022400685,GSW,PHX,2025-01-31,39,35,8,0,0,3.6
0022400681,PHI,DEN,2025-01-31,33,33,11,0,1,9.6
0022400682,TOR,CHI,2025-01-31,31,28,9,0,0,5.3
0022400676,HOU,MEM,2025-01-30,45,22,4,0,1,10.2
0022400677,MIN,UTA,2025-01-30,38,35,9,0,0,3.8
0022400675,ATL,CLE,2025-01-30,37,26,10,0,0,3.8
0022400678,ORL,POR,2025-01-30,41,17,12,0,0,3.5
0022400674,LAL,WAS,2025-01-30,42,25,13,0,0,2.0
0022400663,CHA,BKN,2025-01-29,37,20,6,0,0,3.0
0022400666,CHI,BOS,2025-01-29,32,33,4,0,0,3.1
0022400667,CLE,MIA,2025-01-29,22,28,10,0,0,3.8
0022400671,SAS,LAC,2025-01-29,39,26,9,0,1,7.6
0022400668,DEN,NYK,2025-01-29,35,24,10,0,1,6.5
0022400665,WAS,TOR,2025-01-29,48,16,9,0,0,2.2
0022400664,IND,DET,2025-01-29,39,31,9,0,0,5.8
0022400673,OKC,GSW,2025-01-29,45,22,9,0,1,7.9
0022400672,PHX,MIN,2025-01-29,44,25,15,0,0,5.7
0022400669,PHI,SAC,2025-01-29,36,22,10,0,0,6.4
0022400670,NOP,DAL,2025-01-29,32,35,9,0,1,7.4
0022400660,LAL,PHI,2025-01-28,39,21,15,0,0,3.3
0022400532,ATL,HOU,2025-01-28,38,18,10,0,1,6.2
0022400662,POR,MIL,2025-01-28,40,23,13,0,0,5.5
0022400661,UTA,GSW,2025-01-28,48,25,10,0,1,6.5
0022400656,MIN,ATL,2025-01-27,38,24,14,0,0,5.5
0022400649,DET,CLE,2025-01-27,30,22,7,0,0,4.3
0022400651,BKN,SAC,2025-01-27,44,19,9,0,0,6.8
0022400653,NYK,MEM,2025-01-27,32,26,9,0,0,4.0
0022400655,CHI,DEN,2025-01-27,25,30,15,0,1,7.5
0022400658,MIL,UTA,2025-01-27,37,30,10,0,0,3.8
0022400650,BOS,HOU,2025-01-27,42,32,10,0,1,9.7
0022400657,WAS,DAL,2025-01-27,35,31,14,0,0,1.4
0022400648,CHA,LAL,2025-01-27,37,20,17,0,1,5.5
0022400659,PHX,LAC,2025-01-27,32,32,13,0,1,6.9
0022400652,ORL,MIA,2025-01-27,40,29,13,1,1,11.6
0022400654,TOR,NOP,2025-01-27,40,15,6,0,0,6.1
0022400647,POR,OKC,2025-01-26,46,28,4,0,0,5.3
0022400638,DET,ORL,2025-01-25,48,25,9,0,1,6.7
0022400643,MEM,UTA,2025-01-25,41,26,12,0,0,3.8
0022400644,LAL,GSW,2025-01-25,28,26,6,0,0,5.6
0022400646,MIL,LAC,2025-01-25,44,24,7,0,0,6.8
0022400636,BKN,MIA,2025-01-25,44,27,4,0,0,5.0
0022400640,CLE,HOU,2025-01-25,53,30,10,0,1,7.3
0022400641,SAC,NYK,2025-01-25,32,31,9,0,0,5.2
0022400635,BOS,DAL,2025-01-25,44,28,6,0,0,4.2
0022400637,NOP,CHA,2025-01-25,35,29,8,0,0,3.2
0022400634,MIN,DEN,2025-01-25,27,25,14,0,0,4.0
0022400645,WAS,PHX,2025-01-25,28,31,10,0,1,4.9
0022400639,ATL,TOR,2025-01-25,40,22,5,0,0,4.8
0022400633,IND,SAS,2025-01-25,37,28,11,0,0,5.4
0022400642,PHI,CHI,2025-01-25,31,25,7,0,1,7.8
0022400631,CLE,PHI,2025-01-24,36,46,4,0,1,9.0
0022400632,MEM,NOP,2025-01-24,29,33,7,0,0,6.3
0022400630,CHA,POR,2025-01-24,49,20,7,0,1,7.5
0022400983,LAC,WAS,2025-01-23,40,24,11,0,0,2.5
0022400623,ATL,TOR,2025-01-23,47,22,13,0,1,9.6
0022400629,LAL,BOS,2025-01-23,31,29,8,0,0,3.3
0022400628,GSW,CHI,2025-01-23,37,41,7,0,0,5.2
0022400624,MIA,MIL,2025-01-23,32,30,10,0,0,3.6
0022400625,OKC,DAL,2025-01-23,52,29,4,0,1,6.9
0022400621,SAS,IND,2025-01-23,22,31,19,0,0,4.1
0022400622,ORL,POR,2025-01-23,39,15,6,0,0,4.8
0022400626,SAC,DEN,2025-01-23,34,28,8,0,1,4.1
0022400614,MIN,DAL,2025-01-22,39,19,12,0,1,7.4
0022400618,UTA,OKC,2025-01-22,43,26,14,0,0,8.3
0022400616,CHA,MEM,2025-01-22,49,32,13,0,0,2.2
0022400613,PHX,BKN,2025-01-22,23,21,6,0,0,6.013658536585366
0022400615,CLE,HOU,2025-01-22,38,28,7,0,1,10.8
0022400620,LAC,BOS,2025-01-22,39,28,8,1,1,9.0
0022400619,GSW,SAC,2025-01-22,41,33,4,0,1,7.9
0022400612,ATL,DET,2025-01-22,33,18,19,0,0,3.2
0022400609,DEN,PHI,2025-01-21,30,31,10,0,0,3.4
0022400606,NYK,BKN,2025-01-21,38,20,10,0,1,8.1
0022400610,WAS,LAL,2025-01-21,29,22,12,0,0,4.5
0022400607,POR,MIA,2025-01-21,27,29,7,0,0,3.9
0022400608,TOR,ORL,2025-01-21,46,22,5,0,0,4.5
0022400602,NYK,ATL,2025-01-20,42,22,10,0,0,7.3
0022400599,DAL,CHA,2025-01-20,31,23,12,0,1,9.6
0022400605,NOP,UTA,2025-01-20,43,26,8,1,1,9.9
0022400600,DET,HOU,2025-01-20,28,21,14,0,0,5.8
0022400604,BOS,GSW,2025-01-20,20,34,8,0,0,2.6
0022400601,MEM,MIN,2025-01-20,48,21,8,0,1,8.4
0022400603,PHX,CLE,2025-01-20,38,29,7,0,0,3.2
0022400611,LAC,CHI,2025-01-20,37,24,13,0,0,5.0
0022400595,OKC,BKN,2025-01-19,32,31,9,0,0,2.6
0022400593,DEN,ORL,2025-01-19,35,19,9,0,0,5.3
0022400594,PHI,MIL,2025-01-19,41,30,11,0,0,5.6
0022400597,CHI,POR,2025-01-19,38,17,8,0,0,5.6
0022400596,LAL,LAC,2025-01-19,26,20,14,0,0,3.2
0022400598,WAS,SAC,2025-01-19,36,22,14,0,0,4.5
0022400592,MIA,SAS,2025-01-19,21,33,19,0,0,3.7
0022400590,MIN,CLE,2025-01-18,37,32,11,0,1,5.2
0022400587,BOS,ATL,2025-01-18,35,24,5,1,1,12.6
0022400588,PHI,IND,2025-01-18,40,21,15,0,0,6.3
0022400591,HOU,POR,2025-01-18,42,26,13,0,0,5.2
0022400589,WAS,GSW,2025-01-18,39,36,4,0,1,8.3
0022400586,PHX,DET,2025-01-18,51,16,12,0,1,9.4
0022400583,DAL,OKC,2025-01-17,38,36,6,0,1,7.4
0022400577,BOS,ORL,2025-01-17,42,22,8,0,0,3.4
0022400582,SAS,MEM,2025-01-17,34,32,17,0,0,5.2
0022400581,NOP,UTA,2025-01-17,44,35,10,0,0,3.8
0022400579,MIA,DEN,2025-01-17,25,25,11,0,0,3.8
0022400580,MIL,TOR,2025-01-17,51,21,8,0,0,3.7
0022400585,BKN,LAL,2025-01-17,26,29,14,0,1,8.3
0022400578,NYK,MIN,2025-01-17,29,36,10,0,0,6.3
0022400584,CHI,CHA,2025-01-17,31,27,6,0,1,8.2
0022400576,SAC,HOU,2025-01-16,33,26,9,0,1,9.9
0022400572,DET,IND,2025-01-16,37,22,10,0,0,5.3
0022400574,CLE,OKC,2025-01-16,31,31,7,0,0,2.0
0022400573,PHX,WAS,2025-01-16,45,29,9,0,1,3.2
0022400575,POR,LAC,2025-01-16,30,19,11,0,0,2.4
0022400563,CHI,ATL,2025-01-15,30,19,9,0,0,6.013658536585366
0022400571,LAC,BKN,2025-01-15,33,17,13,0,0,2.5
0022400566,DAL,NOP,2025-01-15,37,25,14,0,1,9.9
0022400564,MIL,ORL,2025-01-15,44,19,7,0,0,2.1
0022400568,DEN,HOU,2025-01-15,35,31,8,0,0,2.8
0022400562,BOS,TOR,2025-01-15,35,27,4,0,0,5.8
0022400570,LAL,MIA,2025-01-15,25,29,11,0,1,6.8
0022400569,CHA,UTA,2025-01-15,34,28,16,0,1,7.9
0022400561,PHI,NYK,2025-01-15,33,29,12,1,1,8.5
0022400565,GSW,MIN,2025-01-15,43,35,7,0,1,7.7
0022400567,SAS,MEM,2025-01-15,36,32,13,0,1,7.5
0022400558,MIL,SAC,2025-01-14,37,34,8,0,0,2.7
0022400557,CHI,NOP,2025-01-14,32,28,12,0,1,6.9
0022400560,BKN,POR,2025-01-14,37,36,12,0,0,5.5
0022400555,PHI,OKC,2025-01-14,40,25,10,0,0,4.3
0022400554,CLE,IND,2025-01-14,36,27,17,0,0,6.4
0022400556,ATL,PHX,2025-01-14,38,30,7,0,1,7.7
0022400559,DEN,DAL,2025-01-14,37,22,8,0,0,2.1
0022400549,DET,NYK,2025-01-13,42,30,7,0,1,8.6
0022400548,MIN,WAS,2025-01-13,33,31,12,0,0,6.7
0022400551,HOU,MEM,2025-01-13,41,30,9,0,1,9.1
0022400550,TOR,GSW,2025-01-13,32,28,7,0,1,9.3
0022400553,MIA,LAC,2025-01-13,24,30,11,0,0,5.0
0022400552,LAL,SAS,2025-01-13,32,27,13,0,0,6.6
0022400543,CLE,IND,2025-01-12,40,22,8,0,0,5.8
0022400547,PHX,CHA,2025-01-12,37,32,11,0,1,8.7
0022400545,OKC,WAS,2025-01-12,45,22,6,0,0,2.5
0022400541,CHI,SAC,2025-01-12,32,31,7,0,1,9.1
0022400542,BOS,NOP,2025-01-12,37,30,9,0,1,10.3
0022400546,UTA,BKN,2025-01-12,47,27,9,1,1,6.013658536585366
0022400539,MIL,NYK,2025-01-12,38,28,8,0,0,3.3
0022400544,PHI,ORL,2025-01-12,47,19,12,0,1,9.1
0022400540,DEN,DAL,2025-01-12,39,19,10,0,1,6.6
0022400534,DET,TOR,2025-01-11,43,35,7,0,1,8.1
0022400535,MIN,MEM,2025-01-11,36,33,13,0,1,10.4
0022400533,UTA,PHX,2025-01-11,35,22,14,0,0,5.9
0022400536,POR,MIA,2025-01-11,31,32,14,0,0,5.3
0022400528,BOS,SAC,2025-01-10,32,29,4,0,0,6.3
0022400527,NOP,PHI,2025-01-10,41,32,8,0,0,6.2
0022400529,NYK,OKC,2025-01-10,38,18,6,0,0,2.1
0022400531,DEN,BKN,2025-01-10,42,23,9,0,0,5.1
0022400526,MIL,ORL,2025-01-10,37,23,13,0,1,8.4
0022400530,CHI,WAS,2025-01-10,27,41,9,0,0,4.0
0022400525,IND,GSW,2025-01-10,32,19,10,0,0,5.4
0022400519,ORL,MIN,2025-01-09,41,22,10,0,0,4.5
0022400517,CLE,TOR,2025-01-09,28,32,11,0,1,8.4
0022400520,MEM,HOU,2025-01-09,51,23,7,0,1,8.6
0022400518,GSW,DET,2025-01-09,37,29,12,0,1,5.7
0022400522,PHX,ATL,2025-01-09,34,28,8,0,1,6.3
0022400521,POR,DAL,2025-01-09,40,26,9,0,1,7.9
0022400523,MIA,UTA,2025-01-09,27,25,7,0,1,8.5
0022400509,CLE,OKC,2025-01-08,44,26,14,0,1,8.5
0022400512,PHI,WAS,2025-01-08,32,28,5,0,1,7.8
0022400510,CHI,IND,2025-01-08,43,22,11,0,0,2.4
0022400513,BKN,DET,2025-01-08,35,28,9,0,0,4.0
0022400514,NOP,POR,2025-01-08,29,25,9,0,0,1.7
0022400511,TOR,NYK,2025-01-08,30,22,11,0,0,4.6
0022400515,DEN,LAC,2025-01-08,39,28,11,0,0,2.5
0022400516,SAS,MIL,2025-01-08,30,37,8,0,0,4.2
0022400503,WAS,HOU,2025-01-07,36,30,6,0,0,4.6
0022400508,MIA,GSW,2025-01-07,24,30,10,0,0,6.0
0022400502,CHA,PHX,2025-01-07,42,21,8,0,0,5.9
0022400506,UTA,ATL,2025-01-07,39,37,15,0,1,10.8
0022400505,MIN,NOP,2025-01-07,35,27,8,0,1,6.3
0022400507,BOS,DEN,2025-01-07,30,26,14,0,0,6.5
0022400504,DAL,LAL,2025-01-07,29,29,8,0,0,5.0
0022400501,MIA,SAC,2025-01-06,39,24,4,1,1,13.4
0022400493,POR,DET,2025-01-06,33,31,10,0,1,9.3
0022400500,MIN,LAC,2025-01-06,39,28,7,0,1,9.3
0022400496,ORL,NYK,2025-01-06,37,15,9,0,0,5.6
0022400499,DAL,MEM,2025-01-06,39,25,5,0,0,6.5
0022400498,SAS,CHI,2025-01-06,27,28,11,0,1,7.5
0022400497,TOR,MIL,2025-01-06,34,31,9,0,0,2.6
0022400494,PHX,PHI,2025-01-06,37,29,9,0,0,5.9
0022400495,BKN,IND,2025-01-06,36,22,7,0,0,4.0
0022400490,ORL,UTA,2025-01-05,40,25,8,0,0,5.3
0022400489,WAS,NOP,2025-01-05,31,29,6,0,0,3.8
0022400491,LAL,HOU,2025-01-05,43,30,8,0,1,6.2
0022400492,GSW,SAC,2025-01-05,40,31,9,0,0,2.4
0022400488,CHA,CLE,2025-01-05,35,30,8,0,0,3.4
0022400487,BOS,OKC,2025-01-05,36,25,4,0,0,7.0
0022400483,MIL,POR,2025-01-04,22,26,10,0,1,9.5
0022400480,IND,PHX,2025-01-04,30,27,6,0,0,5.3
0022400485,MEM,GSW,2025-01-04,36,32,7,0,1,7.4
0022400484,SAS,DEN,2025-01-04,37,23,12,1,1,10.4
0022400482,NYK,CHI,2025-01-04,34,28,8,0,0,5.6
0022400481,UTA,MIA,2025-01-04,35,28,10,0,0,2.8
0022400486,LAC,ATL,2025-01-04,29,29,24,0,0,3.1
0022400479,MIN,DET,2025-01-04,43,29,13,0,0,3.8
0022400478,PHI,BKN,2025-01-04,38,29,10,0,0,2.8
0022400477,ATL,LAL,2025-01-03,43,19,16,0,0,5.8
0022400470,TOR,ORL,2025-01-03,26,29,7,0,0,3.3
0022400473,OKC,NYK,2025-01-03,34,23,6,0,1,7.5
0022400471,BOS,HOU,2025-01-03,34,29,11,0,0,4.3
0022400474,CLE,DAL,2025-01-03,37,27,17,0,0,3.3
0022400472,NOP,WAS,2025-01-03,45,27,11,0,0,6.9
0022400476,SAC,MEM,2025-01-03,43,38,8,0,1,7.8
0022400475,DEN,SAS,2025-01-03,28,28,13,0,1,10.0
0022400469,DET,CHA,2025-01-03,37,21,15,0,1,8.4
0022400463,IND,MIA,2025-01-02,29,28,11,0,0,2.6
0022400464,MIN,BOS,2025-01-02,27,43,8,0,1,6.7
0022400465,MIL,BKN,2025-01-02,42,23,11,0,1,4.7
0022400467,GSW,PHI,2025-01-02,38,31,3,0,0,2.6
0022400466,OKC,LAC,2025-01-02,32,25,8,0,0,4.1
0022400468,LAL,POR,2025-01-02,32,24,17,0,1,5.7
0022400457,NOP,MIA,2025-01-01,31,23,7,0,0,5.0
0022400462,PHI,SAC,2025-01-01,36,24,1,0,1,7.8
0022400460,HOU,DAL,2025-01-01,38,19,8,0,0,4.3
0022400461,DEN,ATL,2025-01-01,32,28,13,0,0,4.4
0022400458,NYK,UTA,2025-01-01,35,22,11,0,0,5.4
0022400455,ORL,DET,2025-01-01,39,20,17,0,0,5.8
0022400456,CHI,WAS,2025-01-01,26,31,11,0,0,5.4
0022400459,TOR,BKN,2025-01-01,37,27,8,0,0,5.5
0022400450,IND,MIL,2024-12-31,42,25,11,0,1,8.6
0022400452,MIN,OKC,2024-12-31,31,27,10,0,1,6.2
0022400451,LAC,SAS,2024-12-31,30,20,14,0,0,2.3
0022400454,CLE,LAL,2024-12-31,27,27,15,0,1,5.9
0022400453,MEM,PHX,2024-12-31,54,24,7,0,1,8.6
0022400449,BOS,TOR,2024-12-31,26,32,5,0,0,3.6
0022400448,DAL,SAC,2024-12-30,43,22,4,0,0,5.7
0022400444,LAC,NOP,2024-12-30,36,31,9,0,1,10.1
0022400447,POR,PHI,2024-12-30,53,19,12,0,0,3.8
0022400446,GSW,CLE,2024-12-30,39,27,6,0,0,3.7
0022400443,NYK,WAS,2024-12-30,42,27,9,0,0,6.0
0022400442,CHA,CHI,2024-12-30,37,28,7,1,1,9.9
0022400445,DEN,UTA,2024-12-30,34,22,17,0,0,6.9
0022400440,MEM,OKC,2024-12-29,39,28,11,0,0,2.8
0022400439,MIA,HOU,2024-12-29,35,23,4,0,1,9.0
0022400437,IND,BOS,2024-12-29,39,25,9,0,0,6.0
0022400438,TOR,ATL,2024-12-29,45,25,18,0,0,4.2
0022400441,SAS,MIN,2024-12-29,41,22,12,0,1,9.1
0022400436,ORL,BKN,2024-12-29,42,25,11,0,1,6.7
0022400430,CHI,MIL,2024-12-28,32,29,3,0,1,10.2
0022400428,OKC,CHA,2024-12-28,35,21,6,0,0,3.7
0022400433,PHI,UTA,2024-12-28,47,25,10,0,1,9.8
0022400431,GSW,PHX,2024-12-28,30,21,9,0,1,10.5
0022400429,NYK,WAS,2024-12-28,36,27,10,1,1,10.4
0022400434,POR,DAL,2024-12-28,40,26,6,0,1,5.0
0022400435,LAL,SAC,2024-12-28,39,25,7,0,0,5.4
0022400432,DET,DEN,2024-12-28,43,25,12,0,0,4.6
0022400427,MIA,ATL,2024-12-28,35,28,14,0,1,7.5
0022400422,HOU,MIN,2024-12-27,38,31,12,0,1,7.9
0022400421,SAS,BKN,2024-12-27,33,24,11,0,0,5.3
0022400425,DAL,PHX,2024-12-27,32,25,11,0,0,4.6
0022400424,CLE,DEN,2024-12-27,37,38,17,0,0,4.2
0022400426,GSW,LAC,2024-12-27,35,17,16,0,1,5.3
0022400423,MEM,NOP,2024-12-27,44,28,11,0,0,4.6
0022400419,ORL,NYK,2024-12-27,43,14,6,0,0,5.2
0022400420,BOS,IND,2024-12-27,39,34,7,0,0,2.4
0022400417,UTA,POR,2024-12-26,36,36,9,0,1,9.3
0022400415,BKN,MIL,2024-12-26,29,31,8,0,1,8.3
0022400411,MIA,ORL,2024-12-26,35,20,7,0,1,8.7
0022400410,IND,OKC,2024-12-26,39,27,3,0,1,8.1
0022400418,SAC,DET,2024-12-26,42,31,6,0,1,6.2
0022400413,ATL,CHI,2024-12-26,39,39,9,0,1,6.3
0022400414,TOR,MEM,2024-12-26,41,32,12,0,0,4.5
0022400416,HOU,NOP,2024-12-26,30,30,11,0,0,2.9
0022400412,WAS,CHA,2024-12-26,42,31,13,0,1,10.3
0022400409,PHX,DEN,2024-12-25,33,19,13,0,0,5.6
0022400408,LAL,GSW,2024-12-25,32,33,9,0,1,7.9
0022400405,NYK,SAS,2024-12-25,32,29,8,0,1,8.6
0022400407,PHI,BOS,2024-12-25,35,37,8,0,1,6.5
0022400406,MIN,DAL,2024-12-25,27,30,7,0,1,4.4
0022400395,MIN,ATL,2024-12-23,31,32,12,0,0,7.2
0022400396,BKN,MIA,2024-12-23,35,30,5,0,0,5.6
0022400399,LAC,MEM,2024-12-23,46,25,11,0,1,10.9
0022400393,BOS,ORL,2024-12-23,40,21,6,0,1,7.3
0022400402,DEN,PHX,2024-12-23,28,29,6,0,0,3.8
0022400391,CHA,HOU,2024-12-23,31,23,11,0,0,1.9
0022400394,PHI,SAS,2024-12-23,39,31,8,0,1,9.4
0022400398,CHI,MIL,2024-12-23,31,28,8,0,0,3.2
0022400401,DAL,POR,2024-12-23,46,20,12,0,0,4.0
0022400400,OKC,WAS,2024-12-23,34,26,8,0,0,6.2
0022400403,GSW,IND,2024-12-23,29,23,10,0,1,8.4
0022400404,DET,LAL,2024-12-23,30,25,12,0,1,6.8
0022400397,NYK,TOR,2024-12-23,52,28,11,0,0,3.0
0022400392,UTA,CLE,2024-12-23,43,39,10,0,1,7.8
0022400390,NOP,DEN,2024-12-22,42,22,13,1,1,11.4
0022400388,HOU,TOR,2024-12-22,39,24,10,0,1,7.6
0022400389,SAC,IND,2024-12-22,26,29,10,0,0,5.2
0022400377,ORL,MIA,2024-12-21,48,20,11,0,1,5.1
0022400385,LAC,DAL,2024-12-21,32,24,11,0,0,5.5
0022400384,NOP,NYK,2024-12-21,38,27,6,0,0,6.1
0022400386,POR,SAS,2024-12-21,27,22,18,0,0,3.8
0022400381,BOS,CHI,2024-12-21,26,29,10,0,0,5.1
0022400378,ATL,MEM,2024-12-21,36,32,7,0,0,2.3
0022400382,MIL,WAS,2024-12-21,24,38,8,0,0,4.1
0022400387,DET,PHX,2024-12-21,40,33,15,0,1,6.0
0022400380,CLE,PHI,2024-12-21,34,33,11,0,0,3.9
0022400376,LAL,SAC,2024-12-21,34,19,8,0,1,7.9
0022400383,GSW,MIN,2024-12-21,41,30,12,0,1,7.1
0022400379,BKN,UTA,2024-12-21,33,21,12,0,0,5.0
0022400373,PHI,CHA,2024-12-20,40,22,10,0,0,4.2
0022400374,CLE,MIL,2024-12-20,27,30,10,0,0,2.7
0022400375,MIA,OKC,2024-12-20,33,26,4,0,1,6.5
0022400370,ATL,SAS,2024-12-19,37,35,18,1,1,13.3
0022400372,SAC,LAL,2024-12-19,36,23,8,0,0,6.8
0022400368,LAC,DAL,2024-12-19,33,21,6,0,0,5.5
0022400363,CHI,BOS,2024-12-19,32,33,6,0,0,7.4
0022400366,MEM,GSW,2024-12-19,35,39,6,0,0,1.9
0022400365,HOU,NOP,2024-12-19,42,30,7,0,0,2.8
0022400360,DET,UTA,2024-12-19,44,33,18,0,1,4.3
0022400361,OKC,ORL,2024-12-19,36,21,8,0,0,5.3
0022400367,NYK,MIN,2024-12-19,27,37,12,0,0,2.5
0022400371,DEN,POR,2024-12-19,38,31,8,0,1,8.4
0022400369,IND,PHX,2024-12-19,41,25,9,0,0,4.8
0022400364,BKN,TOR,2024-12-19,50,24,5,0,1,8.3
0022400362,CHA,WAS,2024-12-19,39,25,18,0,1,8.0
0022401224,CLE,BKN,2024-12-16,47,33,9,0,0,1.7
0022401223,CHI,TOR,2024-12-16,44,23,12,0,1,6.9
0022401226,LAC,UTA,2024-12-16,40,34,8,0,0,1.3
0022401225,DEN,SAC,2024-12-16,41,22,10,0,1,9.3
0022401222,PHI,CHA,2024-12-16,47,28,12,0,0,5.6
0022401221,DET,MIA,2024-12-16,43,32,11,1,1,8.9
0022401220,MEM,LAL,2024-12-15,58,19,11,0,0,4.3
0022401227,NYK,ORL,2024-12-15,42,19,6,0,0,5.2
0022401217,BOS,WAS,2024-12-15,40,31,13,0,0,3.9
0022401219,POR,PHX,2024-12-15,35,30,10,0,1,6.0
0022401218,SAS,MIN,2024-12-15,31,23,18,0,0,5.4
0022401216,NOP,IND,2024-12-15,40,26,6,0,0,3.4
0022401228,DAL,GSW,2024-12-15,29,48,11,0,1,6.4
0022401230,OKC,HOU,2024-12-14,49,22,9,0,0,6.5
0022401229,MIL,ATL,2024-12-14,47,24,4,0,1,8.0
0022401209,IND,PHI,2024-12-13,37,24,11,0,0,5.6
0022401208,CLE,WAS,2024-12-13,42,29,11,0,1,7.4
0022401212,CHA,CHI,2024-12-13,39,22,10,0,0,4.6
0022401210,LAL,MIN,2024-12-13,35,19,6,0,1,6.2
0022401213,DEN,LAC,2024-12-13,38,24,13,0,0,4.6
0022401214,UTA,PHX,2024-12-13,35,44,9,0,1,6.8
0022401211,BKN,MEM,2024-12-13,39,37,10,0,0,5.8
0022401215,POR,SAS,2024-12-13,35,30,13,0,1,8.5
0022401205,DET,BOS,2024-12-12,21,27,11,0,0,3.0
0022401207,SAC,NOP,2024-12-12,41,24,4,0,1,7.0
0022401206,MIA,TOR,2024-12-12,35,24,6,0,0,5.0
0022401204,GSW,HOU,2024-12-11,25,18,12,0,1,8.6
0022401202,ATL,NYK,2024-12-11,27,20,16,0,0,6.5
0022401203,OKC,DAL,2024-12-10,29,35,4,0,0,5.0
0022401201,ORL,MIL,2024-12-10,38,17,15,0,1,9.7
0022400359,NYK,TOR,2024-12-09,29,30,5,0,1,9.4
0022400351,MIA,CLE,2024-12-08,33,30,5,0,0,5.5
0022400358,LAL,POR,2024-12-08,39,22,11,0,0,5.5
0022400350,ATL,DEN,2024-12-08,44,21,20,0,0,2.7
0022400347,PHI,CHI,2024-12-08,33,28,3,0,1,5.8
0022400356,LAC,HOU,2024-12-08,40,26,5,0,0,5.2
0022400357,SAC,UTA,2024-12-08,34,37,6,0,0,3.1
0022400354,NOP,SAS,2024-12-08,39,25,10,0,1,9.2
0022400353,WAS,MEM,2024-12-08,45,23,13,0,0,3.2
0022400349,IND,CHA,2024-12-08,37,26,10,0,1,7.9
0022400348,MIL,BKN,2024-12-08,43,31,8,0,1,7.9
0022400352,PHX,ORL,2024-12-08,43,25,3,0,1,8.5
0022400355,GSW,MIN,2024-12-08,38,35,7,0,1,8.7
0022400345,MEM,BOS,2024-12-07,41,33,9,0,1,8.6
0022400346,MIA,PHX,2024-12-07,40,29,6,0,1,6.3
0022400340,CHA,CLE,2024-12-07,47,25,11,0,0,5.6
0022400343,NYK,DET,2024-12-07,32,29,14,0,0,5.0
0022400341,WAS,DEN,2024-12-07,44,21,8,0,1,6.7
0022400344,DAL,TOR,2024-12-07,38,32,9,0,1,4.5
0022400342,NOP,OKC,2024-12-07,44,23,11,0,0,2.1
0022400339,POR,UTA,2024-12-06,39,28,18,0,0,2.3
0022400338,MIN,GSW,2024-12-06,25,25,10,0,0,5.7
0022400335,BOS,MIL,2024-12-06,34,28,9,0,1,8.7
0022400334,LAL,ATL,2024-12-06,48,33,16,1,1,13.6
0022400337,SAS,SAC,2024-12-06,40,30,7,0,0,4.5
0022400336,CHI,IND,2024-12-06,23,39,7,0,0,6.4
0022400333,ORL,PHI,2024-12-06,42,20,10,0,1,5.6
0022400328,TOR,OKC,2024-12-05,32,28,5,0,0,2.1
0022400332,GSW,HOU,2024-12-05,36,19,6,0,1,7.0
0022400330,PHX,NOP,2024-12-05,39,31,10,0,1,9.3
0022400331,SAS,CHI,2024-12-05,43,25,10,0,0,3.9
0022400325,CLE,DEN,2024-12-05,30,28,9,0,0,5.1
0022400329,SAC,MEM,2024-12-05,44,21,4,0,1,9.7
0022400326,WAS,DAL,2024-12-05,35,33,11,0,0,2.9
0022400327,NYK,CHA,2024-12-05,35,33,14,0,0,3.7
0022400320,IND,BKN,2024-12-04,37,20,6,0,0,4.9
0022400323,ATL,MIL,2024-12-04,47,24,15,0,0,5.2
0022400321,LAL,MIA,2024-12-04,24,29,15,0,0,2.6
0022400324,MIN,LAC,2024-12-04,32,27,8,0,0,1.7
0022400319,BOS,DET,2024-12-04,35,41,8,0,1,4.5
0022400322,PHI,ORL,2024-12-04,37,19,10,0,1,7.4
0022400057,SAS,PHX,2024-12-03,33,19,6,0,0,5.3
0022400054,TOR,IND,2024-12-03,49,25,4,0,1,5.0
0022400051,CLE,WAS,2024-12-03,41,20,3,0,0,2.4
0022400060,POR,LAC,2024-12-03,29,29,12,0,0,4.7
0022400053,NYK,ORL,2024-12-03,44,24,11,0,0,2.4
0022400055,OKC,UTA,2024-12-03,37,30,14,0,0,3.4
0022400052,MIL,DET,2024-12-03,38,34,7,0,0,3.0
0022400058,GSW,DEN,2024-12-03,40,23,8,0,1,8.3
0022400059,SAC,HOU,2024-12-03,43,28,5,0,0,5.9
0022400050,CHA,PHI,2024-12-03,39,29,9,0,1,7.4
0022400056,DAL,MEM,2024-12-03,52,26,11,0,1,8.0
0022400318,LAL,MIN,2024-12-02,33,21,16,0,0,3.7
0022400316,MIA,BOS,2024-12-02,31,27,7,0,0,3.5
0022400315,ATL,NOP,2024-12-02,33,23,9,0,0,7.6
0022400317,BKN,CHI,2024-12-02,35,30,6,0,0,3.9
0022400307,CLE,BOS,2024-12-01,39,34,3,0,1,8.3
0022400310,OKC,HOU,2024-12-01,47,26,6,0,1,10.5
0022400311,UTA,LAL,2024-12-01,37,21,11,0,1,7.8
0022400314,LAC,DEN,2024-12-01,33,28,8,0,1,8.5
0022400308,NOP,NYK,2024-12-01,33,24,7,0,0,1.6
0022400312,DAL,POR,2024-12-01,40,36,10,0,1,8.7
0022400313,SAS,SAC,2024-12-01,40,35,8,0,1,8.5
0022400309,MIA,TOR,2024-12-01,40,25,5,0,1,6.6
0022400306,IND,MEM,2024-12-01,44,30,9,0,0,5.6
0022400305,BKN,ORL,2024-12-01,60,15,14,0,1,7.5
0022400303,PHX,GSW,2024-11-30,30,32,6,0,1,5.3
0022400304,UTA,DAL,2024-11-30,35,24,12,0,0,6.2
0022400300,CHA,ATL,2024-11-30,38,28,9,0,1,9.3
0022400302,MIL,WAS,2024-11-30,44,25,13,0,1,7.0
0022400301,PHI,DET,2024-11-30,40,22,12,0,0,3.6
0022400045,IND,DET,2024-11-29,34,30,8,0,0,3.5
0022400046,MIA,TOR,2024-11-29,36,32,5,0,0,5.8
0022400048,LAL,OKC,2024-11-29,35,24,4,0,1,8.2
0022400044,MIN,LAC,2024-11-29,30,25,10,0,1,9.1
0022400049,SAC,POR,2024-11-29,36,26,9,0,0,4.7
0022400041,CLE,ATL,2024-11-29,42,25,15,0,0,4.7
0022400043,ORL,BKN,2024-11-29,42,32,8,0,0,3.1
0022400040,CHA,NYK,2024-11-29,38,27,8,0,1,8.4
0022400042,MEM,NOP,2024-11-29,39,21,9,0,0,5.3
0022400047,CHI,BOS,2024-11-29,30,43,6,0,1,7.7
0022400299,GSW,OKC,2024-11-27,42,27,5,0,1,9.5
0022400296,SAS,LAL,2024-11-27,28,27,15,0,0,4.5
0022400292,NYK,DAL,2024-11-27,44,24,10,0,0,2.6
0022400297,BKN,PHX,2024-11-27,50,30,4,0,0,5.0
0022400298,DEN,UTA,2024-11-27,31,27,11,0,0,3.7
0022400288,IND,POR,2024-11-27,39,29,10,0,1,7.2
0022400294,SAC,MIN,2024-11-27,40,26,8,0,1,7.1
0022400295,NOP,TOR,2024-11-27,32,32,4,0,0,3.8
0022400286,CHA,MIA,2024-11-27,28,31,6,0,1,7.3
0022400287,ATL,CLE,2024-11-27,42,35,9,0,1,8.1
0022400291,LAC,WAS,2024-11-27,37,20,9,0,0,3.3
0022400289,CHI,ORL,2024-11-27,40,31,7,0,0,2.7
0022400290,PHI,HOU,2024-11-27,45,22,14,1,1,9.4
0022400293,DET,MEM,2024-11-27,38,30,7,0,0,3.4
0022400037,HOU,MIN,2024-11-26,38,24,10,1,1,10.1
0022400035,CHI,WAS,2024-11-26,40,24,4,0,0,3.9
0022400036,MIA,MIL,2024-11-26,33,30,6,0,1,6.8
0022400038,UTA,SAS,2024-11-26,37,31,14,0,0,6.8
0022400039,PHX,LAL,2024-11-26,29,25,14,0,0,4.5
0022400284,BKN,GSW,2024-11-25,39,39,11,0,1,7.7
0022400285,OKC,SAC,2024-11-25,40,22,9,0,0,5.2
0022400280,ATL,DAL,2024-11-25,28,25,10,0,0,7.6
0022400277,CHA,ORL,2024-11-25,41,19,8,0,0,6.9
0022400278,DET,TOR,2024-11-25,46,22,8,0,1,10.6
0022400283,NYK,DEN,2024-11-25,41,30,9,0,0,2.3
0022400282,MEM,POR,2024-11-25,41,20,10,0,0,4.4
0022400281,BOS,LAC,2024-11-25,24,29,14,0,0,2.7
0022400279,NOP,IND,2024-11-25,32,26,10,0,1,8.6
0022400271,MIN,BOS,2024-11-24,41,36,5,0,1,6.8
0022400272,IND,WAS,2024-11-24,37,23,10,0,1,6.6
0022400276,BKN,SAC,2024-11-24,45,28,6,0,1,7.0
0022400275,TOR,CLE,2024-11-24,39,28,10,0,0,5.4
0022400273,MIA,DAL,2024-11-24,46,24,13,1,1,12.4
0022400274,LAC,PHI,2024-11-24,39,21,12,0,0,2.5
0022400269,SAS,GSW,2024-11-23,37,27,6,0,1,6.3
0022400267,HOU,POR,2024-11-23,45,26,5,0,1,9.9
0022400264,UTA,NYK,2024-11-23,38,36,11,0,0,5.2
0022400270,LAL,DEN,2024-11-23,34,29,15,0,0,4.7
0022400266,MEM,CHI,2024-11-23,32,38,6,0,0,5.3
0022400265,ORL,DET,2024-11-23,41,25,4,0,0,5.0
0022400268,CHA,MIL,2024-11-23,43,37,7,0,1,5.7
0022400032,NOP,GSW,2024-11-22,44,24,9,0,1,7.9
0022400030,ATL,CHI,2024-11-22,33,29,11,0,0,4.7
0022400027,PHI,BKN,2024-11-22,33,29,11,0,0,7.1
0022400029,MIL,IND,2024-11-22,36,28,13,0,0,4.1
0022400033,DAL,DEN,2024-11-22,41,25,14,0,1,8.8
0022400031,POR,HOU,2024-11-22,40,26,13,0,0,3.0
0022400034,LAC,SAC,2024-11-22,37,17,6,0,0,3.6
0022400028,BOS,WAS,2024-11-22,48,18,6,0,1,7.3
0022400263,ORL,LAL,2024-11-21,40,28,13,0,1,10.2
0022400261,TOR,MIN,2024-11-21,48,19,12,0,1,7.8
0022400260,CHA,DET,2024-11-21,45,37,3,1,1,9.7
0022400262,UTA,SAS,2024-11-21,49,22,13,0,1,7.8
0022400254,IND,HOU,2024-11-20,45,17,10,0,0,4.7
0022400259,LAC,ORL,2024-11-20,39,19,12,0,0,4.5
0022400252,CLE,NOP,2024-11-20,27,26,11,0,0,3.1
0022400257,PHX,NYK,2024-11-20,31,38,8,0,0,3.0
0022400255,PHI,MEM,2024-11-20,36,30,9,0,1,5.5
0022400256,POR,OKC,2024-11-20,40,24,7,0,1,7.8
0022400258,GSW,ATL,2024-11-20,34,26,13,0,0,2.8
0022400253,MIL,CHI,2024-11-20,36,30,8,0,0,5.7
0022400023,DEN,MEM,2024-11-19,53,21,10,0,1,5.3
0022400026,UTA,LAL,2024-11-19,40,26,13,0,0,3.5
0022400022,BKN,CHA,2024-11-19,39,38,9,0,1,8.9
0022400021,BOS,CLE,2024-11-19,34,32,13,0,1,5.9
0022400025,SAS,OKC,2024-11-19,31,35,6,0,0,5.2
0022400024,NOP,DAL,2024-11-19,37,25,8,0,0,2.7
0022400246,NYK,WAS,2024-11-18,31,31,13,0,0,2.0
0022400248,MIL,HOU,2024-11-18,33,22,5,0,1,8.1
0022400249,ORL,PHX,2024-11-18,40,23,13,0,0,4.1
0022400244,CHI,DET,2024-11-18,35,38,10,0,0,6.8
0022400250,SAC,ATL,2024-11-18,39,36,6,0,1,9.2
0022400251,GSW,LAC,2024-11-18,27,32,5,0,1,7.1
0022400245,PHI,MIA,2024-11-18,30,23,3,0,0,4.8
0022400247,IND,TOR,2024-11-18,45,29,7,0,0,4.6
0022400242,OKC,DAL,2024-11-17,45,25,4,0,1,6.4
0022400236,CLE,CHA,2024-11-17,38,33,8,0,0,6.3
0022400239,ATL,POR,2024-11-17,40,25,19,0,1,9.6
0022400237,DET,WAS,2024-11-17,35,29,7,0,0,3.7
0022400238,MEM,DEN,2024-11-17,27,23,12,0,0,3.2
0022400241,CHI,HOU,2024-11-17,39,24,7,0,0,3.1
0022400243,UTA,LAC,2024-11-17,25,23,21,0,0,2.7
0022400240,NYK,BKN,2024-11-17,42,30,10,0,0,5.5
0022400235,IND,MIA,2024-11-17,29,32,7,0,1,6.7
0022400234,PHX,MIN,2024-11-17,39,31,8,0,1,9.3
0022400230,BOS,TOR,2024-11-16,39,30,9,1,1,13.2
0022400233,SAC,UTA,2024-11-16,49,31,6,0,1,9.3
0022400231,LAL,NOP,2024-11-16,33,23,10,0,1,8.4
0022400232,DAL,SAS,2024-11-16,35,19,5,0,0,4.4
0022400229,MIL,CHA,2024-11-16,34,30,7,0,1,9.9
0022400014,BKN,NYK,2024-11-15,43,32,8,0,1,7.0
0022400012,ATL,WAS,2024-11-15,40,27,10,0,0,4.4
0022400018,OKC,PHX,2024-11-15,46,19,4,0,0,2.9
0022400017,DEN,NOP,2024-11-15,29,21,8,0,1,6.7
0022400009,MIA,IND,2024-11-15,27,29,4,0,0,4.2
0022400019,GSW,MEM,2024-11-15,49,26,10,0,1,5.3
0022400010,ORL,PHI,2024-11-15,44,21,7,0,1,6.2
0022400013,CHI,CLE,2024-11-15,36,41,11,0,1,7.1
0022400011,DET,TOR,2024-11-15,29,16,5,0,1,8.3
0022400015,LAL,SAS,2024-11-15,30,31,12,0,1,8.8
0022400020,SAC,MIN,2024-11-15,36,32,8,1,1,10.2
0022400016,HOU,LAC,2024-11-15,40,29,8,0,0,3.2
0022400228,UTA,DAL,2024-11-14,38,25,13,0,1,8.3
0022400225,MEM,LAL,2024-11-13,47,32,11,0,1,8.0
0022400217,IND,ORL,2024-11-13,38,23,9,0,1,7.0
0022400223,MIL,DET,2024-11-13,33,33,14,1,1,10.3
0022400219,NYK,CHI,2024-11-13,34,29,10,0,1,8.8
0022400227,SAC,PHX,2024-11-13,32,28,3,0,0,5.4
0022400218,BOS,BKN,2024-11-13,37,41,8,0,0,4.5
0022400220,PHI,CLE,2024-11-13,27,30,8,0,1,7.4
0022400222,LAC,HOU,2024-11-13,33,29,10,0,1,6.0
0022400226,POR,MIN,2024-11-13,37,16,15,0,1,7.1
0022400224,WAS,SAS,2024-11-13,38,36,12,0,1,5.1
0022400221,OKC,NOP,2024-11-13,32,24,6,0,0,4.6
0022400001,ATL,BOS,2024-11-12,29,28,9,0,1,10.3
0022400007,GSW,DAL,2024-11-12,41,25,11,0,1,9.4
0022400008,POR,MIN,2024-11-12,45,31,9,0,0,4.3
0022400002,MIA,DET,2024-11-12,41,30,13,1,1,10.6
0022400006,PHX,UTA,2024-11-12,28,33,11,0,0,4.8
0022400004,PHI,NYK,2024-11-12,35,23,11,0,0,5.7
0022400003,CHA,ORL,2024-11-12,39,26,10,0,0,4.0
0022400005,TOR,MIL,2024-11-12,29,25,9,0,0,5.1
0022400212,CHI,CLE,2024-11-11,30,29,5,0,1,8.1
0022400215,LAC,OKC,2024-11-11,45,38,12,0,1,6.8
0022400213,HOU,WAS,2024-11-11,34,16,7,0,0,5.1
0022400214,NOP,BKN,2024-11-11,29,29,11,0,1,9.5
0022400216,SAC,SAS,2024-11-11,24,32,8,0,0,4.6
0022400207,GSW,OKC,2024-11-10,44,32,10,0,0,4.4
0022400206,MIN,MIA,2024-11-10,40,24,10,0,1,10.0
0022400209,SAC,PHX,2024-11-10,39,29,8,1,1,10.6
0022400203,NYK,IND,2024-11-10,42,28,7,0,0,7.3
0022400211,LAL,TOR,2024-11-10,38,22,7,0,0,5.7
0022400208,DEN,DAL,2024-11-10,33,24,6,0,1,9.6
0022400205,CHA,PHI,2024-11-10,45,23,4,1,1,11.6
0022400204,WAS,ORL,2024-11-10,46,27,6,0,0,4.2
0022400210,POR,MEM,2024-11-10,38,20,10,0,0,2.1
0022400202,MIL,BOS,2024-11-10,34,32,8,0,1,7.8
0022400201,HOU,DET,2024-11-10,42,18,8,0,1,9.8
0022400200,TOR,LAC,2024-11-09,43,21,3,0,1,8.6
0022400197,UTA,SAS,2024-11-09,46,27,9,0,1,9.3
0022400199,BKN,CLE,2024-11-09,32,25,9,0,1,7.0
0022400198,CHI,ATL,2024-11-09,37,22,11,0,1,7.4
0022400193,MIN,POR,2024-11-08,38,28,12,0,0,3.1
0022400184,CHA,IND,2024-11-08,32,26,2,0,0,6.3
0022400190,DAL,PHX,2024-11-08,40,26,7,0,1,9.7
0022400195,LAL,PHI,2024-11-08,31,29,7,0,0,4.3
0022400188,CLE,GSW,2024-11-08,36,33,8,0,0,1.5
0022400196,LAC,SAC,2024-11-08,40,17,8,0,1,5.5
0022400191,WAS,MEM,2024-11-08,46,23,15,0,0,2.7
0022400192,OKC,HOU,2024-11-08,41,25,4,0,0,2.5
0022400185,ATL,DET,2024-11-08,39,28,9,0,1,8.1
0022400186,ORL,NOP,2024-11-08,33,18,12,0,0,3.9
0022400187,BKN,BOS,2024-11-08,37,24,5,1,1,11.1
0022400189,MIL,NYK,2024-11-08,36,21,12,0,0,2.9
0022400194,MIA,DEN,2024-11-08,32,38,11,0,0,4.0
0022400183,POR,SAS,2024-11-07,29,25,13,0,0,5.8
0022400181,MIN,CHI,2024-11-07,37,31,8,0,0,6.7
0022400182,MIL,UTA,2024-11-07,40,32,10,0,0,5.0
0022400180,TOR,SAC,2024-11-06,36,20,6,0,0,7.0
0022400169,DET,CHA,2024-11-06,36,24,13,0,1,10.9
0022400179,PHI,LAC,2024-11-06,38,19,14,0,0,4.5
0022400171,ATL,NYK,2024-11-06,32,37,10,0,1,9.5
0022400170,ORL,IND,2024-11-06,46,19,9,0,1,6.8
0022400172,BOS,GSW,2024-11-06,37,33,10,0,1,8.6
0022400173,SAS,HOU,2024-11-06,26,24,10,0,0,2.3
0022400177,DEN,OKC,2024-11-06,50,32,8,0,1,9.6
0022400176,DAL,CHI,2024-11-06,36,24,10,0,0,3.2
0022400175,CLE,NOP,2024-11-06,35,30,10,0,0,5.9
0022400178,MIA,PHX,2024-11-06,30,31,10,0,1,8.5
0022400174,MEM,LAL,2024-11-06,35,32,11,0,0,4.9
0022400162,CHA,MIN,2024-11-04,41,28,7,0,0,3.8
0022400159,MIA,SAC,2024-11-04,43,25,7,0,1,10.6
0022400155,GSW,WAS,2024-11-04,43,22,18,0,0,5.4
0022400166,DEN,TOR,2024-11-04,48,23,6,0,1,10.1
0022400161,NYK,HOU,2024-11-04,38,19,6,0,1,7.0
0022400163,OKC,ORL,2024-11-04,37,17,9,0,0,3.3
0022400168,SAS,LAC,2024-11-04,37,30,13,0,0,6.0
0022400167,PHI,PHX,2024-11-04,38,31,9,0,1,9.0
0022400154,MIL,CLE,2024-11-04,30,34,5,0,1,8.4
0022400160,CHI,UTA,2024-11-04,41,30,10,0,0,7.0
0022400157,ATL,BOS,2024-11-04,27,24,12,0,0,3.1
0022400165,DAL,IND,2024-11-04,34,28,5,0,1,7.6
0022400156,DET,LAL,2024-11-04,41,17,8,0,1,5.0
0022400158,BKN,MEM,2024-11-04,38,21,13,0,1,9.3
0022400164,POR,NOP,2024-11-04,35,20,6,0,0,6.6
0022400153,DAL,ORL,2024-11-03,44,18,8,0,0,2.3
0022400151,BKN,DET,2024-11-03,49,20,8,0,0,6.2
0022400152,ATL,NOP,2024-11-03,33,31,12,0,0,5.8
0022400141,BOS,CHA,2024-11-02,42,33,8,0,0,4.9
0022400147,WAS,MIA,2024-11-02,40,22,9,0,0,3.6
0022400142,MEM,PHI,2024-11-02,41,31,12,0,0,4.6
0022400150,LAC,OKC,2024-11-02,39,27,3,0,0,5.9
0022400148,DEN,UTA,2024-11-02,47,29,10,0,0,3.9
0022400146,SAS,MIN,2024-11-02,32,24,14,0,0,4.2
0022400143,TOR,SAC,2024-11-02,47,27,10,1,1,11.6
0022400145,CLE,MIL,2024-11-02,43,33,8,0,1,9.9
0022400149,POR,PHX,2024-11-02,28,31,4,0,1,5.4
0022400144,HOU,GSW,2024-11-02,54,30,8,1,1,6.7
0022400136,BKN,CHI,2024-11-01,35,28,7,0,1,7.7
0022400138,IND,NOP,2024-11-01,36,28,15,0,1,8.6
0022400132,CHA,BOS,2024-11-01,39,32,7,0,0,7.0
0022400135,SAC,ATL,2024-11-01,43,30,13,0,1,6.2
0022400139,MIN,DEN,2024-11-01,40,29,9,0,1,9.4
0022400140,POR,OKC,2024-11-01,46,34,7,0,0,4.8
0022400133,ORL,CLE,2024-11-01,38,26,5,0,0,3.3
0022400134,NYK,DET,2024-11-01,26,29,7,0,0,1.5
0022400137,TOR,LAL,2024-11-01,46,21,7,0,0,4.0
0022400128,MEM,MIL,2024-10-31,48,17,15,0,0,2.6
0022400129,HOU,DAL,2024-10-31,47,18,7,0,1,4.8
0022400130,UTA,SAS,2024-10-31,36,19,13,0,0,5.5
0022400131,LAC,PHX,2024-10-31,42,30,6,0,1,7.2
0022400126,GSW,NOP,2024-10-30,39,24,6,0,0,4.5
0022400121,WAS,ATL,2024-10-30,40,28,16,0,0,6.2
0022400127,POR,LAC,2024-10-30,37,27,14,0,1,10.1
0022400119,BOS,IND,2024-10-30,45,34,12,1,1,8.4
0022400117,CHA,TOR,2024-10-30,49,29,12,0,1,7.1
0022400124,MEM,BKN,2024-10-30,46,23,14,0,0,6.7
0022400123,ORL,CHI,2024-10-30,35,24,4,0,1,8.3
0022400118,CLE,LAL,2024-10-30,33,23,17,0,0,2.3
0022400125,OKC,SAS,2024-10-30,23,29,6,0,0,4.3
0022400122,NYK,MIA,2024-10-30,33,35,7,0,0,6.7
0022400120,DET,PHI,2024-10-30,46,23,7,0,0,4.2
0022400116,NOP,GSW,2024-10-29,33,30,5,0,0,5.5
0022400115,SAC,UTA,2024-10-29,35,22,7,0,0,4.1
0022400113,BKN,DEN,2024-10-29,54,33,8,1,1,10.3
0022400114,DAL,MIN,2024-10-29,41,35,8,0,1,7.0
0022400105,DET,MIA,2024-10-28,33,29,6,0,0,7.0
0022400112,POR,SAC,2024-10-28,49,18,4,0,0,4.3
0022400104,BOS,MIL,2024-10-28,42,26,5,0,0,5.9
0022400106,CLE,NYK,2024-10-28,41,21,4,0,1,7.7
0022400103,ATL,WAS,2024-10-28,47,36,9,0,1,8.6
0022400102,IND,ORL,2024-10-28,53,26,8,0,1,9.3
0022400108,CHI,MEM,2024-10-28,36,39,9,0,1,7.8
0022400109,HOU,SAS,2024-10-28,44,25,10,0,1,5.4
0022400107,DEN,TOR,2024-10-28,47,19,7,1,1,9.0
0022400111,PHX,LAL,2024-10-28,41,25,2,0,1,8.9
0022400110,DAL,UTA,2024-10-28,40,21,15,0,0,6.8
0022400100,OKC,ATL,2024-10-27,46,26,13,0,0,7.1
0022400098,MIL,BKN,2024-10-27,43,26,7,0,0,5.9
0022400097,IND,PHI,2024-10-27,52,24,9,1,1,13.4
0022400101,LAC,GSW,2024-10-27,43,24,13,0,1,7.1
0022400099,NOP,POR,2024-10-27,43,22,8,0,0,3.9
0022400093,MIN,TOR,2024-10-26,38,24,11,0,0,3.4
0022400089,BOS,DET,2024-10-26,38,36,9,0,1,9.2
0022400095,DAL,PHX,2024-10-26,45,27,5,0,0,5.8
0022400088,CHA,MIA,2024-10-26,43,27,5,0,1,7.1
0022400090,CLE,WAS,2024-10-26,52,33,13,0,0,4.4
0022400094,HOU,SAS,2024-10-26,42,21,8,0,1,6.3
0022400091,CHI,OKC,2024-10-26,37,23,9,0,0,3.6
0022400096,LAL,SAC,2024-10-26,38,29,13,0,1,6.9
0022400092,ORL,MEM,2024-10-26,44,30,5,0,0,3.6
0022400087,LAC,DEN,2024-10-26,46,26,8,0,1,9.3
0022400086,NOP,POR,2024-10-25,44,25,7,0,1,9.4
0022400083,MIL,CHI,2024-10-25,31,34,7,0,0,6.6
0022400079,ATL,CHA,2024-10-25,56,35,8,0,1,8.1
0022400077,ORL,BKN,2024-10-25,50,29,9,0,0,5.4
0022400082,MEM,HOU,2024-10-25,57,27,8,0,0,6.0
0022400078,TOR,PHI,2024-10-25,66,15,10,0,0,6.1
0022400080,DET,CLE,2024-10-25,37,26,9,0,0,5.5
0022400085,PHX,LAL,2024-10-25,44,31,12,0,0,5.6
0022400081,IND,NYK,2024-10-25,42,15,7,0,0,3.0
0022400084,UTA,GSW,2024-10-25,36,29,9,0,0,3.3
0022400074,SAS,DAL,2024-10-24,39,31,11,0,0,6.0
0022400076,MIN,SAC,2024-10-24,42,31,5,0,1,9.8
0022400073,WAS,BOS,2024-10-24,38,24,13,0,0,3.5
0022400075,OKC,DEN,2024-10-24,27,15,10,0,0,4.9
0022400064,BKN,ATL,2024-10-23,52,26,12,0,1,8.1
0022400063,IND,DET,2024-10-23,44,18,9,0,1,7.8
0022400072,GSW,POR,2024-10-23,49,28,12,0,0,4.0
0022400071,LAC,PHX,2024-10-23,52,23,8,1,1,11.0
0022400066,PHI,MIL,2024-10-23,51,24,8,0,0,4.3
0022400065,MIA,ORL,2024-10-23,40,29,6,0,0,4.2
0022400068,CHA,HOU,2024-10-23,39,28,9,0,1,9.0
0022400070,MEM,UTA,2024-10-23,59,27,12,0,1,9.1
0022400067,CLE,TOR,2024-10-23,46,26,13,0,0,3.1
0022400069,CHI,NOP,2024-10-23,33,24,11,0,0,5.8
0022400061,BOS,NYK,2024-10-22,27,40,4,0,0,2.0
0022400062,LAL,MIN,2024-10-22,44,18,13,0,0,5.4
