GAME_ID,TEAM1,TEAM2,DATE,DAY,TIME,NATIONAL_TV
22401186,ATL,ORL,2025-04-13,Sunday,13:00,0
22401188,BKN,NYK,2025-04-13,Sunday,13:00,0
22401195,UTA,MIN,2025-04-13,Sunday,15:30,0
22401194,MEM,DAL,2025-04-13,Sunday,15:30,0
22401196,OKC,NOP,2025-04-13,Sunday,15:30,0
22401200,SAC,PHX,2025-04-13,Sunday,15:30,0
22401192,MIL,DET,2025-04-13,Sunday,13:00,0
22401187,BOS,CHA,2025-04-13,Sunday,13:00,0
22401199,POR,LAL,2025-04-13,Sunday,15:30,0
22401193,DEN,HOU,2025-04-13,Sunday,15:30,0
22401190,WAS,MIA,2025-04-13,Sunday,13:00,0
22401198,GSW,LAC,2025-04-13,Sunday,15:30,0
22401191,PHI,CHI,2025-04-13,Sunday,13:00,0
22401189,CLE,IND,2025-04-13,Sunday,13:00,0
22401197,TOR,SAS,2025-04-13,Sunday,15:30,0
22401184,LAC,SAC,2025-04-11,Friday,22:00,0
22401172,IND,ORL,2025-04-11,Friday,19:00,0
22401185,LAL,HOU,2025-04-11,Friday,22:30,1
22401171,DET,MIL,2025-04-11,Friday,19:00,0
22401176,CHI,WAS,2025-04-11,Friday,20:00,0
22401173,ATL,PHI,2025-04-11,Friday,19:00,0
22401180,MEM,DEN,2025-04-11,Friday,21:00,0
22401183,POR,GSW,2025-04-11,Friday,22:00,0
22401182,PHX,SAS,2025-04-11,Friday,22:00,0
22401174,BOS,CHA,2025-04-11,Friday,19:30,0
22401181,OKC,UTA,2025-04-11,Friday,21:30,0
22401175,NYK,CLE,2025-04-11,Friday,19:30,1
22401177,NOP,MIA,2025-04-11,Friday,20:00,0
22401178,TOR,DAL,2025-04-11,Friday,20:30,0
22401179,BKN,MIN,2025-04-11,Friday,21:00,0
22401169,ATL,BKN,2025-04-10,Thursday,19:30,0
22401167,DET,NYK,2025-04-10,Thursday,19:00,0
22401168,CLE,IND,2025-04-10,Thursday,19:00,1
22401170,MIN,MEM,2025-04-10,Thursday,21:30,1
22401161,NOP,MIL,2025-04-10,Thursday,20:00,0
22401158,CHA,TOR,2025-04-09,Wednesday,19:30,0
22401164,OKC,PHX,2025-04-09,Wednesday,22:00,0
22401160,MIA,CHI,2025-04-09,Wednesday,20:00,0
22401159,DAL,LAL,2025-04-09,Wednesday,19:30,1
22401162,UTA,POR,2025-04-09,Wednesday,21:00,0
22401163,GSW,SAS,2025-04-09,Wednesday,22:00,0
22401166,LAC,HOU,2025-04-09,Wednesday,22:30,1
22401156,ORL,BOS,2025-04-09,Wednesday,19:00,0
22401157,PHI,WAS,2025-04-09,Wednesday,19:00,0
22401165,DEN,SAC,2025-04-09,Wednesday,22:00,0
22401155,SAS,LAC,2025-04-08,Tuesday,22:30,0
22401149,ATL,ORL,2025-04-08,Tuesday,19:00,0
22401153,OKC,LAL,2025-04-08,Tuesday,20:00,0
22401147,CHI,CLE,2025-04-08,Tuesday,19:00,0
22401151,NYK,BOS,2025-04-08,Tuesday,19:30,1
22401154,GSW,PHX,2025-04-08,Tuesday,22:00,1
22401150,NOP,BKN,2025-04-08,Tuesday,19:30,0
22401148,IND,WAS,2025-04-08,Tuesday,19:00,0
22401146,CHA,MEM,2025-04-08,Tuesday,19:00,0
22401152,MIL,MIN,2025-04-08,Tuesday,20:00,0
22401144,DET,SAC,2025-04-07,Monday,22:00,0
22401145,PHI,MIA,2025-04-07,Monday,19:30,1
22401138,CLE,SAC,2025-04-06,Sunday,18:00,0
22401142,IND,DEN,2025-04-06,Sunday,20:00,0
22401136,ATL,UTA,2025-04-06,Sunday,18:00,0
22400617,NOP,MIL,2025-01-22,Wednesday,20:00,0
22401134,BKN,TOR,2025-04-06,Sunday,15:30,0
22401143,GSW,HOU,2025-04-06,Sunday,20:30,1
22401140,PHX,NYK,2025-04-06,Sunday,19:00,0
22401139,POR,SAS,2025-04-06,Sunday,18:00,0
22401137,BOS,WAS,2025-04-06,Sunday,18:00,1
22401133,CHI,CHA,2025-04-06,Sunday,13:00,1
22401135,OKC,LAL,2025-04-06,Sunday,15:30,1
22401128,NYK,ATL,2025-04-05,Saturday,15:00,0
22401130,MIN,PHI,2025-04-05,Saturday,19:00,0
22401129,DET,MEM,2025-04-05,Saturday,19:00,0
22401131,MIA,MIL,2025-04-05,Saturday,20:00,0
22401132,LAC,DAL,2025-04-05,Saturday,22:30,1
22401126,LAL,NOP,2025-04-04,Friday,20:00,0
22401121,TOR,DET,2025-04-04,Friday,19:30,0
22401122,CHI,POR,2025-04-04,Friday,20:00,0
22401120,BOS,PHX,2025-04-04,Friday,19:30,1
22401119,UTA,IND,2025-04-04,Friday,19:00,0
22401124,CLE,SAS,2025-04-04,Friday,20:00,0
22401127,LAC,DAL,2025-04-04,Friday,22:30,0
22401125,GSW,DEN,2025-04-04,Friday,22:00,1
22401123,HOU,OKC,2025-04-04,Friday,20:00,0
22401118,CHA,SAC,2025-04-04,Friday,19:00,0
22401112,ORL,WAS,2025-04-03,Thursday,19:00,0
22401116,POR,TOR,2025-04-03,Thursday,19:30,0
22401113,BKN,MIN,2025-04-03,Thursday,19:30,0
22401115,PHI,MIL,2025-04-03,Thursday,19:30,1
22401114,MIA,MEM,2025-04-03,Thursday,19:30,0
22401117,GSW,LAL,2025-04-03,Thursday,22:00,1
22401108,DET,OKC,2025-04-02,Wednesday,20:00,0
22401111,NOP,LAC,2025-04-02,Wednesday,22:00,1
22401110,SAS,DEN,2025-04-02,Wednesday,21:00,0
22401109,DAL,ATL,2025-04-02,Wednesday,20:30,0
22401104,CHA,IND,2025-04-02,Wednesday,19:00,0
22401105,WAS,SAC,2025-04-02,Wednesday,19:00,0
22401107,HOU,UTA,2025-04-02,Wednesday,20:00,0
22401103,CLE,NYK,2025-04-02,Wednesday,19:00,0
22401106,BOS,MIA,2025-04-02,Wednesday,19:30,1
22401102,MIN,DEN,2025-04-01,Tuesday,22:00,1
22401099,TOR,CHI,2025-04-01,Tuesday,20:00,0
22401097,ATL,POR,2025-04-01,Tuesday,19:30,0
22401098,NYK,PHI,2025-04-01,Tuesday,19:30,1
22401100,MEM,GSW,2025-04-01,Tuesday,20:00,0
22401101,MIL,PHX,2025-04-01,Tuesday,20:00,0
22400988,ORL,SAS,2025-04-01,Tuesday,20:00,0
22401094,OKC,CHI,2025-03-31,Monday,20:00,0
22401093,BOS,MEM,2025-03-31,Monday,20:00,1
22401096,HOU,LAL,2025-03-31,Monday,22:30,1
22401095,DAL,BKN,2025-03-31,Monday,20:30,0
22401091,LAC,ORL,2025-03-31,Monday,19:00,0
22401092,MIA,WAS,2025-03-31,Monday,19:00,0
22401089,UTA,CHA,2025-03-31,Monday,19:00,0
22401090,SAC,IND,2025-03-31,Monday,19:00,0
22401081,LAC,CLE,2025-03-30,Sunday,15:30,0
22401084,DET,MIN,2025-03-30,Sunday,19:00,0
22401087,TOR,PHI,2025-03-30,Sunday,19:30,0
22401082,NYK,POR,2025-03-30,Sunday,18:00,1
22401085,CHA,NOP,2025-03-30,Sunday,19:00,0
22401088,HOU,PHX,2025-03-30,Sunday,21:00,1
22401083,ATL,MIL,2025-03-30,Sunday,19:00,0
22401086,SAS,GSW,2025-03-30,Sunday,19:00,0
22401080,SAS,BOS,2025-03-29,Saturday,20:00,1
22401077,DAL,CHI,2025-03-29,Saturday,20:00,0
22401075,WAS,BKN,2025-03-29,Saturday,19:00,0
22401074,ORL,SAC,2025-03-29,Saturday,17:00,0
22401076,PHI,MIA,2025-03-29,Saturday,19:30,0
22401078,MEM,LAL,2025-03-29,Saturday,20:00,0
22401079,IND,OKC,2025-03-29,Saturday,20:00,0
22401068,BKN,LAC,2025-03-28,Friday,19:30,0
22401073,UTA,DEN,2025-03-28,Friday,21:00,0
22401070,MIL,NYK,2025-03-28,Friday,20:00,0
22401072,GSW,NOP,2025-03-28,Friday,20:00,0
22401071,MIN,PHX,2025-03-28,Friday,20:00,1
22401067,CLE,DET,2025-03-28,Friday,19:00,0
22401069,TOR,CHA,2025-03-28,Friday,19:30,0
22401061,WAS,IND,2025-03-27,Thursday,19:00,0
22401063,LAL,CHI,2025-03-27,Thursday,20:00,0
22401060,DAL,ORL,2025-03-27,Thursday,19:00,1
22401064,OKC,MEM,2025-03-27,Thursday,20:00,0
22401065,HOU,UTA,2025-03-27,Thursday,21:00,0
22401066,POR,SAC,2025-03-27,Thursday,22:00,0
22401059,CLE,SAS,2025-03-27,Thursday,19:00,0
22401062,ATL,MIA,2025-03-27,Thursday,19:30,0
22401053,PHI,WAS,2025-03-26,Wednesday,19:00,0
22401054,TOR,BKN,2025-03-26,Wednesday,19:30,0
22401055,IND,LAL,2025-03-26,Wednesday,19:30,1
22401058,PHX,BOS,2025-03-26,Wednesday,22:00,1
22401056,LAC,NYK,2025-03-26,Wednesday,19:30,0
22401057,DEN,MIL,2025-03-26,Wednesday,21:00,0
22401046,SAS,DET,2025-03-25,Tuesday,19:00,0
22401048,DAL,NYK,2025-03-25,Tuesday,19:30,1
22401045,CHA,ORL,2025-03-25,Tuesday,19:00,0
22401050,MEM,UTA,2025-03-25,Tuesday,21:00,0
22401051,POR,CLE,2025-03-25,Tuesday,22:00,0
22401047,GSW,MIA,2025-03-25,Tuesday,19:30,0
22401052,SAC,OKC,2025-03-25,Tuesday,22:00,1
22401049,ATL,HOU,2025-03-25,Tuesday,20:00,0
22401043,MIL,PHX,2025-03-24,Monday,22:00,1
22401042,DEN,CHI,2025-03-24,Monday,20:00,0
22401038,ORL,LAL,2025-03-24,Monday,19:00,0
22401039,WAS,TOR,2025-03-24,Monday,19:00,1
22401037,IND,MIN,2025-03-24,Monday,19:00,0
22401044,BOS,SAC,2025-03-24,Monday,22:00,0
22401041,PHI,NOP,2025-03-24,Monday,20:00,0
22401040,DAL,BKN,2025-03-24,Monday,20:30,0
22401030,CLE,UTA,2025-03-23,Sunday,18:00,0
22401031,ATL,PHI,2025-03-23,Sunday,18:00,0
22401036,OKC,LAC,2025-03-23,Sunday,21:00,1
22401032,MIA,CHA,2025-03-23,Sunday,18:00,0
22401033,TOR,SAS,2025-03-23,Sunday,18:00,0
22401034,BOS,POR,2025-03-23,Sunday,18:00,0
22401035,DEN,HOU,2025-03-23,Sunday,19:00,0
22401029,NOP,DET,2025-03-23,Sunday,15:00,0
22401026,WAS,NYK,2025-03-22,Saturday,20:00,0
22401025,GSW,ATL,2025-03-22,Saturday,19:00,0
22401024,BKN,IND,2025-03-22,Saturday,17:00,0
22401027,SAC,MIL,2025-03-22,Saturday,22:00,1
22401028,CHI,LAL,2025-03-22,Saturday,22:30,0
22401020,BOS,UTA,2025-03-21,Friday,21:30,0
22401018,PHI,SAS,2025-03-21,Friday,20:00,1
22401014,ORL,WAS,2025-03-21,Friday,19:00,0
22401023,LAC,MEM,2025-03-21,Friday,22:30,1
22401015,MIA,HOU,2025-03-21,Friday,20:00,0
22401022,POR,DEN,2025-03-21,Friday,22:00,0
22401021,CLE,PHX,2025-03-21,Friday,22:00,0
22401017,OKC,CHA,2025-03-21,Friday,20:00,0
22401019,DAL,DET,2025-03-21,Friday,20:30,0
22401016,MIN,NOP,2025-03-21,Friday,20:00,0
22401010,CHA,NYK,2025-03-20,Thursday,19:00,0
22401013,SAC,CHI,2025-03-20,Thursday,22:00,0
22400996,MIL,LAL,2025-03-20,Thursday,22:30,0
22401005,GSW,TOR,2025-03-20,Thursday,19:30,0
22401011,IND,BKN,2025-03-20,Thursday,19:00,1
22401002,PHI,OKC,2025-03-19,Wednesday,20:00,0
22401006,DEN,LAL,2025-03-19,Wednesday,22:00,1
22401003,SAS,NYK,2025-03-19,Wednesday,20:00,0
22400999,HOU,ORL,2025-03-19,Wednesday,20:00,0
22400998,IND,DAL,2025-03-19,Wednesday,20:30,0
22400627,UTA,WAS,2025-01-23,Thursday,21:00,0
22401009,SAC,CLE,2025-03-19,Wednesday,21:00,0
22401007,CHI,PHX,2025-03-19,Wednesday,22:00,0
22401000,DET,MIA,2025-03-19,Wednesday,19:30,0
22401008,POR,MEM,2025-03-19,Wednesday,22:00,0
22401001,NOP,MIN,2025-03-19,Wednesday,20:00,0
22400997,LAC,CLE,2025-03-18,Tuesday,22:30,0
22400994,BOS,BKN,2025-03-18,Tuesday,19:30,1
22401012,MIL,GSW,2025-03-18,Tuesday,22:00,0
22400993,ATL,CHA,2025-03-18,Tuesday,19:00,0
22400991,TOR,PHX,2025-03-17,Monday,22:00,1
22400987,DET,NOP,2025-03-17,Monday,20:00,0
22400985,HOU,PHI,2025-03-17,Monday,20:00,0
22400995,POR,WAS,2025-03-17,Monday,22:00,0
22400537,SAS,LAL,2025-01-13,Monday,22:30,1
22400984,MIA,NYK,2025-03-17,Monday,19:30,1
22400992,MEM,SAC,2025-03-17,Monday,22:00,0
22400986,MIN,IND,2025-03-17,Monday,20:00,0
22400990,GSW,DEN,2025-03-17,Monday,22:00,1
22400989,CHI,UTA,2025-03-17,Monday,21:00,0
22400976,PHI,DAL,2025-03-16,Sunday,13:00,1
22400980,POR,TOR,2025-03-16,Sunday,15:00,0
22400981,UTA,MIN,2025-03-16,Sunday,18:00,0
22400982,OKC,MIL,2025-03-16,Sunday,20:00,1
22400979,CLE,ORL,2025-03-16,Sunday,18:00,0
22400538,CHA,LAC,2025-01-11,Saturday,22:30,0
22400977,PHX,LAL,2025-03-16,Sunday,15:30,1
22400978,BKN,ATL,2025-03-16,Sunday,18:00,1
22400972,MIL,IND,2025-03-15,Saturday,20:00,0
22400971,MIA,MEM,2025-03-15,Saturday,20:00,0
22400975,WAS,DEN,2025-03-15,Saturday,21:00,0
22400970,CHI,HOU,2025-03-15,Saturday,20:00,0
22400974,NYK,GSW,2025-03-15,Saturday,20:30,1
22400968,BKN,BOS,2025-03-15,Saturday,18:00,0
22400969,OKC,DET,2025-03-15,Saturday,19:00,0
22400973,SAS,NOP,2025-03-15,Saturday,20:30,0
22400961,DAL,HOU,2025-03-14,Friday,20:00,0
22400967,SAC,PHX,2025-03-14,Friday,22:00,0
22400959,IND,PHI,2025-03-14,Friday,19:00,0
22400962,MEM,CLE,2025-03-14,Friday,20:00,0
22400964,SAS,CHA,2025-03-14,Friday,20:00,0
22400958,MIA,BOS,2025-03-14,Friday,19:00,1
22400966,TOR,UTA,2025-03-14,Friday,21:30,0
22400965,LAL,DEN,2025-03-14,Friday,21:30,1
22400960,LAC,ATL,2025-03-14,Friday,19:30,0
22400963,ORL,MIN,2025-03-14,Friday,20:00,0
22400955,LAL,MIL,2025-03-13,Thursday,19:30,1
22400956,CHI,BKN,2025-03-13,Thursday,20:00,0
22400954,DET,WAS,2025-03-13,Thursday,19:00,0
22400957,GSW,SAC,2025-03-13,Thursday,22:00,1
22401141,NOP,ORL,2025-03-13,Thursday,20:00,0
22400953,NYK,POR,2025-03-12,Wednesday,22:00,0
22400950,MEM,UTA,2025-03-12,Wednesday,20:00,0
22400952,DEN,MIN,2025-03-12,Wednesday,22:00,1
22400948,LAC,MIA,2025-03-12,Wednesday,20:00,0
22400946,OKC,BOS,2025-03-12,Wednesday,19:30,1
22400947,TOR,PHI,2025-03-12,Wednesday,19:30,0
22400949,PHX,HOU,2025-03-12,Wednesday,20:00,0
22400951,DAL,SAS,2025-03-12,Wednesday,20:00,0
22400945,ATL,CHA,2025-03-12,Wednesday,19:30,0
22400942,MIL,IND,2025-03-11,Tuesday,19:00,1
22400941,DET,WAS,2025-03-11,Tuesday,19:00,0
22400940,BKN,CLE,2025-03-11,Tuesday,19:00,0
22400943,NOP,LAC,2025-03-11,Tuesday,21:30,1
22400938,GSW,POR,2025-03-10,Monday,22:00,0
22400937,SAS,DAL,2025-03-10,Monday,20:30,0
22400939,SAC,NYK,2025-03-10,Monday,22:30,1
22400933,CHI,IND,2025-03-10,Monday,20:00,0
22400931,CHA,MIA,2025-03-10,Monday,19:30,0
22400928,ATL,PHI,2025-03-10,Monday,19:30,0
22400932,WAS,TOR,2025-03-10,Monday,19:30,0
22400934,ORL,HOU,2025-03-10,Monday,20:00,0
22400930,LAL,BKN,2025-03-10,Monday,19:30,0
22400935,MEM,PHX,2025-03-10,Monday,20:00,0
22400936,OKC,DEN,2025-03-10,Monday,20:00,1
22400929,UTA,BOS,2025-03-10,Monday,19:30,0
22400926,POR,DET,2025-03-09,Sunday,21:00,0
22400925,SAS,MIN,2025-03-09,Sunday,20:00,0
22400927,SAC,LAC,2025-03-09,Sunday,21:30,1
22400920,OKC,DEN,2025-03-09,Sunday,13:00,1
22400921,DAL,PHX,2025-03-09,Sunday,15:30,1
22400924,PHI,UTA,2025-03-09,Sunday,19:30,0
22400923,NOP,MEM,2025-03-09,Sunday,19:00,1
22400922,MIL,CLE,2025-03-09,Sunday,19:00,0
22400913,NOP,HOU,2025-03-08,Saturday,19:00,0
22400917,ORL,MIL,2025-03-08,Saturday,20:00,0
22400919,GSW,DET,2025-03-08,Saturday,20:30,0
22400918,LAL,BOS,2025-03-08,Saturday,20:30,1
22400912,BKN,CHA,2025-03-08,Saturday,18:00,0
22400915,TOR,WAS,2025-03-08,Saturday,19:30,0
22400914,ATL,IND,2025-03-08,Saturday,19:30,0
22400916,CHI,MIA,2025-03-08,Saturday,20:00,0
22400904,CLE,CHA,2025-03-07,Friday,19:00,0
22400910,SAC,SAS,2025-03-07,Friday,22:00,0
22400911,NYK,LAC,2025-03-07,Friday,22:30,0
22400907,MIN,MIA,2025-03-07,Friday,20:00,0
22400908,OKC,POR,2025-03-07,Friday,20:00,0
22400909,DEN,PHX,2025-03-07,Friday,22:00,1
22400906,MEM,DAL,2025-03-07,Friday,19:30,1
22400905,TOR,UTA,2025-03-07,Friday,19:30,0
22400903,LAL,NYK,2025-03-06,Thursday,22:00,1
22400944,CHI,ORL,2025-03-06,Thursday,19:00,0
22400899,IND,ATL,2025-03-06,Thursday,19:30,0
22400902,NOP,HOU,2025-03-06,Thursday,20:00,0
22400901,BKN,GSW,2025-03-06,Thursday,19:30,0
22400900,BOS,PHI,2025-03-06,Thursday,19:30,1
22400897,MIL,DAL,2025-03-05,Wednesday,21:30,1
22400896,DEN,SAC,2025-03-05,Wednesday,21:00,0
22400891,BOS,POR,2025-03-05,Wednesday,19:00,0
22400892,CHA,MIN,2025-03-05,Wednesday,19:00,0
22400894,UTA,WAS,2025-03-05,Wednesday,19:00,0
22400893,CLE,MIA,2025-03-05,Wednesday,19:00,1
22400898,LAC,DET,2025-03-05,Wednesday,22:30,0
22400895,OKC,MEM,2025-03-05,Wednesday,20:00,0
22400883,ORL,TOR,2025-03-04,Tuesday,19:00,0
22400886,CHI,CLE,2025-03-04,Tuesday,20:00,0
22400889,PHX,LAC,2025-03-04,Tuesday,22:00,1
22400885,GSW,NYK,2025-03-04,Tuesday,19:30,1
22400888,SAS,BKN,2025-03-04,Tuesday,20:30,0
22400887,PHI,MIN,2025-03-04,Tuesday,20:00,0
22400882,HOU,IND,2025-03-04,Tuesday,19:00,0
22400890,LAL,NOP,2025-03-04,Tuesday,22:30,0
22400884,MIL,ATL,2025-03-04,Tuesday,19:30,0
22400880,DAL,SAC,2025-03-03,Monday,20:30,0
22400878,MEM,ATL,2025-03-03,Monday,20:00,0
22400876,PHI,POR,2025-03-03,Monday,19:00,0
22400877,MIA,WAS,2025-03-03,Monday,19:30,0
22400875,CHA,GSW,2025-03-03,Monday,19:00,1
22400879,OKC,HOU,2025-03-03,Monday,20:00,0
22400881,UTA,DET,2025-03-03,Monday,21:30,1
22400869,NYK,MIA,2025-03-02,Sunday,18:00,0
22400867,POR,CLE,2025-03-02,Sunday,15:30,1
22400872,NOP,UTA,2025-03-02,Sunday,20:00,0
22400866,BOS,DEN,2025-03-02,Sunday,13:00,1
22400874,LAC,LAL,2025-03-02,Sunday,21:30,0
22400870,ORL,TOR,2025-03-02,Sunday,18:00,0
22400873,PHX,MIN,2025-03-02,Sunday,21:30,1
22400868,CHI,IND,2025-03-02,Sunday,17:00,0
22400871,OKC,SAS,2025-03-02,Sunday,19:00,1
22400865,MIL,DAL,2025-03-01,Saturday,20:30,0
22400862,HOU,SAC,2025-03-01,Saturday,20:00,0
22400861,DET,BKN,2025-03-01,Saturday,19:00,0
22400863,SAS,MEM,2025-03-01,Saturday,20:00,0
22400864,GSW,PHI,2025-03-01,Saturday,20:30,1
22400860,WAS,CHA,2025-03-01,Saturday,18:00,0
22400853,POR,BKN,2025-02-28,Friday,19:30,0
22400851,OKC,ATL,2025-02-28,Friday,19:30,0
22400857,NOP,PHX,2025-02-28,Friday,21:00,0
22400850,DEN,DET,2025-02-28,Friday,19:00,0
22400856,MEM,NYK,2025-02-28,Friday,20:00,0
22400858,MIN,UTA,2025-02-28,Friday,21:30,0
22400855,CHI,TOR,2025-02-28,Friday,20:00,0
22400859,LAC,LAL,2025-02-28,Friday,22:00,1
22400852,CLE,BOS,2025-02-28,Friday,19:30,1
22400854,IND,MIA,2025-02-28,Friday,20:00,0
22400845,ORL,GSW,2025-02-27,Thursday,19:00,0
22400849,MIN,LAL,2025-02-27,Thursday,22:30,0
22400848,PHX,NOP,2025-02-27,Thursday,22:00,1
22400847,CHA,DAL,2025-02-27,Thursday,20:30,0
22400846,MIL,DEN,2025-02-27,Thursday,19:30,1
22400839,POR,WAS,2025-02-26,Wednesday,19:00,0
22400841,MIA,ATL,2025-02-26,Wednesday,19:30,0
22400838,NYK,PHI,2025-02-26,Wednesday,19:00,1
22400840,BKN,OKC,2025-02-26,Wednesday,19:30,0
22400844,HOU,SAS,2025-02-26,Wednesday,20:30,1
22400837,TOR,IND,2025-02-26,Wednesday,19:00,0
22400843,SAC,UTA,2025-02-26,Wednesday,21:00,0
22400836,DET,BOS,2025-02-26,Wednesday,19:00,0
22400842,CHI,LAC,2025-02-26,Wednesday,20:00,0
22400829,BOS,TOR,2025-02-25,Tuesday,19:00,0
22400832,MEM,PHX,2025-02-25,Tuesday,20:00,0
22400831,HOU,MIL,2025-02-25,Tuesday,20:00,0
22400835,DAL,LAL,2025-02-25,Tuesday,22:00,1
22400833,NOP,SAS,2025-02-25,Tuesday,20:00,0
22400830,CLE,ORL,2025-02-25,Tuesday,19:30,1
22400834,CHA,GSW,2025-02-25,Tuesday,22:00,0
22400825,MIA,ATL,2025-02-24,Monday,19:30,0
22400828,SAC,CHA,2025-02-24,Monday,22:00,0
22400826,OKC,MIN,2025-02-24,Monday,20:00,1
22400824,BKN,WAS,2025-02-24,Monday,19:00,0
22400827,UTA,POR,2025-02-24,Monday,21:00,0
22400822,DEN,IND,2025-02-24,Monday,19:00,0
22400823,PHI,CHI,2025-02-24,Monday,19:00,0
22400821,LAC,DET,2025-02-24,Monday,19:00,0
22400818,SAS,NOP,2025-02-23,Sunday,19:00,1
22400816,PHX,TOR,2025-02-23,Sunday,18:00,0
22400813,LAC,IND,2025-02-23,Sunday,17:00,0
22400817,MIL,MIA,2025-02-23,Sunday,19:00,1
22400812,GSW,DAL,2025-02-23,Sunday,15:30,1
22400811,NYK,BOS,2025-02-23,Sunday,13:00,1
22400815,WAS,ORL,2025-02-23,Sunday,18:00,0
22400814,ATL,DET,2025-02-23,Sunday,18:00,0
22400820,OKC,MIN,2025-02-23,Sunday,20:30,1
22400819,MEM,CLE,2025-02-23,Sunday,19:30,0
22400809,UTA,HOU,2025-02-22,Saturday,21:30,0
22400806,PHX,CHI,2025-02-22,Saturday,17:00,0
22400808,LAL,DEN,2025-02-22,Saturday,20:30,1
22400810,POR,CHA,2025-02-22,Saturday,22:00,0
22400807,PHI,BKN,2025-02-22,Saturday,19:30,0
22400803,DAL,NOP,2025-02-21,Friday,20:30,1
22400805,GSW,SAC,2025-02-21,Friday,22:00,0
22400800,MIA,TOR,2025-02-21,Friday,19:30,0
22400798,MEM,ORL,2025-02-21,Friday,19:00,0
22400802,SAS,DET,2025-02-21,Friday,20:00,0
22400799,MIL,WAS,2025-02-21,Friday,19:00,0
22400797,CLE,NYK,2025-02-21,Friday,19:00,1
22400804,UTA,OKC,2025-02-21,Friday,21:30,0
22400801,MIN,HOU,2025-02-21,Friday,20:00,0
22400791,BKN,CLE,2025-02-20,Thursday,19:30,0
22400795,PHX,SAS,2025-02-20,Thursday,21:30,1
22400790,ORL,ATL,2025-02-20,Thursday,19:30,0
22400792,CHI,NYK,2025-02-20,Thursday,19:30,0
22400788,MEM,IND,2025-02-20,Thursday,19:00,0
22400793,MIL,LAC,2025-02-20,Thursday,20:00,0
22400794,CHA,DEN,2025-02-20,Thursday,21:00,0
22400789,BOS,PHI,2025-02-20,Thursday,19:00,1
22400796,LAL,POR,2025-02-20,Thursday,22:00,0
22400524,LAL,CHA,2025-01-11,Saturday,19:30,0
22400786,DAL,MIA,2025-02-13,Thursday,20:30,0
22401004,LAC,UTA,2025-02-13,Thursday,22:00,0
22400787,OKC,MIN,2025-02-13,Thursday,20:30,1
22400784,HOU,GSW,2025-02-13,Thursday,20:00,0
22400785,NOP,SAC,2025-02-13,Thursday,20:00,0
22400772,PHI,BKN,2025-02-12,Wednesday,19:30,0
22400776,MIL,MIN,2025-02-12,Wednesday,20:00,0
22400780,DEN,POR,2025-02-12,Wednesday,21:00,0
22400779,HOU,PHX,2025-02-12,Wednesday,20:30,0
22400777,SAC,NOP,2025-02-12,Wednesday,20:00,0
22400774,TOR,CLE,2025-02-12,Wednesday,19:30,0
22400781,LAL,UTA,2025-02-12,Wednesday,21:00,0
22400778,OKC,MIA,2025-02-12,Wednesday,20:00,0
22400782,GSW,DAL,2025-02-12,Wednesday,21:30,1
22400770,CHA,ORL,2025-02-12,Wednesday,19:00,0
22400773,NYK,ATL,2025-02-12,Wednesday,19:30,0
22400769,BOS,SAS,2025-02-12,Wednesday,19:00,1
22400771,IND,WAS,2025-02-12,Wednesday,19:00,0
22400783,MEM,LAC,2025-02-12,Wednesday,22:30,0
22400775,DET,CHI,2025-02-12,Wednesday,20:00,0
22400764,TOR,PHI,2025-02-11,Tuesday,19:00,0
22400765,NYK,IND,2025-02-11,Tuesday,19:30,1
22400766,DET,CHI,2025-02-11,Tuesday,20:00,0
22400767,PHX,MEM,2025-02-11,Tuesday,22:00,1
22400757,WAS,SAS,2025-02-10,Monday,19:00,0
22400762,SAC,DAL,2025-02-10,Monday,20:30,0
22400760,GSW,MIL,2025-02-10,Monday,20:00,1
22400763,DEN,POR,2025-02-10,Monday,21:00,0
22400768,LAL,UTA,2025-02-10,Monday,22:30,0
22400756,ATL,ORL,2025-02-10,Monday,19:00,0
22400761,OKC,NOP,2025-02-10,Monday,20:00,0
22400759,MIA,BOS,2025-02-10,Monday,19:30,0
22400758,BKN,CHA,2025-02-10,Monday,19:30,0
22400755,MIN,CLE,2025-02-10,Monday,19:00,0
22400753,HOU,TOR,2025-02-09,Sunday,14:00,0
22400752,CHA,DET,2025-02-09,Sunday,13:00,0
22400754,MIL,PHI,2025-02-09,Sunday,14:00,1
22400749,DEN,PHX,2025-02-08,Saturday,21:00,0
22400751,LAC,UTA,2025-02-08,Saturday,22:30,0
22400747,MIN,POR,2025-02-08,Saturday,20:00,0
22400742,LAL,IND,2025-02-08,Saturday,16:00,0
22400744,WAS,ATL,2025-02-08,Saturday,19:00,0
22400746,MEM,OKC,2025-02-08,Saturday,20:00,0
22400741,DAL,HOU,2025-02-08,Saturday,15:00,0
22400748,BOS,NYK,2025-02-08,Saturday,20:30,1
22400750,SAC,NOP,2025-02-08,Saturday,22:00,0
22400743,ORL,SAS,2025-02-08,Saturday,19:00,0
22400745,GSW,CHI,2025-02-08,Saturday,20:00,0
22400735,WAS,CLE,2025-02-07,Friday,19:00,0
22400739,OKC,TOR,2025-02-07,Friday,20:00,0
22400737,BKN,MIA,2025-02-07,Friday,19:30,0
22400734,CHA,SAS,2025-02-07,Friday,19:00,0
22400740,UTA,PHX,2025-02-07,Friday,22:00,1
22400738,DET,PHI,2025-02-07,Friday,19:30,1
22400736,ATL,MIL,2025-02-07,Friday,19:30,0
22400732,POR,SAC,2025-02-06,Thursday,22:00,0
22400729,MIN,HOU,2025-02-06,Thursday,20:00,0
22400731,GSW,LAL,2025-02-06,Thursday,22:00,1
22400728,BOS,DAL,2025-02-06,Thursday,19:30,1
22400730,ORL,DEN,2025-02-06,Thursday,21:00,0
22400733,IND,LAC,2025-02-06,Thursday,22:30,0
22400718,CLE,DET,2025-02-05,Wednesday,19:00,0
22400720,BKN,WAS,2025-02-05,Wednesday,19:30,0
22400726,DEN,NOP,2025-02-05,Wednesday,22:00,1
22400722,MEM,TOR,2025-02-05,Wednesday,19:30,0
22400719,SAS,ATL,2025-02-05,Wednesday,19:30,1
22400727,SAC,ORL,2025-02-05,Wednesday,22:00,0
22400725,GSW,UTA,2025-02-05,Wednesday,21:00,0
22400721,MIA,PHI,2025-02-05,Wednesday,19:30,0
22400723,CHI,MIN,2025-02-05,Wednesday,20:00,0
22400724,PHX,OKC,2025-02-05,Wednesday,20:00,0
22400717,MIL,CHA,2025-02-05,Wednesday,19:00,0
22400711,HOU,BKN,2025-02-04,Tuesday,19:30,0
22400716,IND,POR,2025-02-04,Tuesday,22:00,0
22400712,PHI,DAL,2025-02-04,Tuesday,19:30,1
22400713,TOR,NYK,2025-02-04,Tuesday,19:30,0
22400710,CLE,BOS,2025-02-04,Tuesday,19:00,0
22400715,LAL,LAC,2025-02-04,Tuesday,22:00,1
22400714,MIA,CHI,2025-02-04,Tuesday,20:00,0
22400708,GSW,ORL,2025-02-03,Monday,22:00,1
22400701,DET,ATL,2025-02-03,Monday,19:00,0
22400703,MEM,SAS,2025-02-03,Monday,20:00,0
22400706,NOP,DEN,2025-02-03,Monday,21:00,0
22400707,UTA,IND,2025-02-03,Monday,21:00,0
22400709,PHX,POR,2025-02-03,Monday,22:00,0
22400705,OKC,MIL,2025-02-03,Monday,20:00,0
22400700,CHA,WAS,2025-02-03,Monday,19:00,0
22400704,SAC,MIN,2025-02-03,Monday,20:00,0
22400702,NYK,HOU,2025-02-03,Monday,19:30,1
22400695,CHI,DET,2025-02-02,Sunday,15:00,0
22400699,MIL,MEM,2025-02-02,Sunday,20:30,1
22400698,PHI,BOS,2025-02-02,Sunday,18:00,1
22400696,DAL,CLE,2025-02-02,Sunday,15:30,0
22400697,LAC,TOR,2025-02-02,Sunday,15:30,0
22400692,LAL,NYK,2025-02-01,Saturday,20:30,1
22400686,IND,ATL,2025-02-01,Saturday,17:00,0
22400687,ORL,UTA,2025-02-01,Saturday,17:00,0
22400688,CHA,DEN,2025-02-01,Saturday,19:00,0
22400689,HOU,BKN,2025-02-01,Saturday,20:00,0
22400694,PHX,POR,2025-02-01,Saturday,22:00,0
22400693,MIA,SAS,2025-02-01,Saturday,20:30,0
22400691,OKC,SAC,2025-02-01,Saturday,20:00,0
22400690,WAS,MIN,2025-02-01,Saturday,20:00,0
22400680,DAL,DET,2025-01-31,Friday,19:00,0
22400679,CHA,LAC,2025-01-31,Friday,19:00,0
22400683,NOP,BOS,2025-01-31,Friday,20:00,0
22400684,MIL,SAS,2025-01-31,Friday,20:00,0
22400685,GSW,PHX,2025-01-31,Friday,22:00,1
22400681,PHI,DEN,2025-01-31,Friday,19:30,1
22400682,TOR,CHI,2025-01-31,Friday,19:30,0
22400676,HOU,MEM,2025-01-30,Thursday,19:30,1
22400677,MIN,UTA,2025-01-30,Thursday,22:00,1
22400675,ATL,CLE,2025-01-30,Thursday,19:30,0
22400678,ORL,POR,2025-01-30,Thursday,22:00,0
22400674,LAL,WAS,2025-01-30,Thursday,19:00,0
22400663,CHA,BKN,2025-01-29,Wednesday,19:00,0
22400666,CHI,BOS,2025-01-29,Wednesday,19:30,0
22400667,CLE,MIA,2025-01-29,Wednesday,19:30,0
22400671,SAS,LAC,2025-01-29,Wednesday,20:00,0
22400668,DEN,NYK,2025-01-29,Wednesday,19:30,1
22400665,WAS,TOR,2025-01-29,Wednesday,19:00,0
22400664,IND,DET,2025-01-29,Wednesday,19:00,0
22400673,OKC,GSW,2025-01-29,Wednesday,22:00,1
22400672,PHX,MIN,2025-01-29,Wednesday,21:00,0
22400669,PHI,SAC,2025-01-29,Wednesday,19:30,0
22400670,NOP,DAL,2025-01-29,Wednesday,20:00,0
22400660,LAL,PHI,2025-01-28,Tuesday,19:30,1
22400532,ATL,HOU,2025-01-28,Tuesday,20:00,0
22400662,POR,MIL,2025-01-28,Tuesday,22:00,1
22400661,UTA,GSW,2025-01-28,Tuesday,22:00,0
22400656,MIN,ATL,2025-01-27,Monday,20:00,0
22400649,DET,CLE,2025-01-27,Monday,19:00,1
22400651,BKN,SAC,2025-01-27,Monday,19:30,0
22400653,NYK,MEM,2025-01-27,Monday,19:30,0
22400655,CHI,DEN,2025-01-27,Monday,20:00,0
22400658,MIL,UTA,2025-01-27,Monday,21:00,0
22400650,BOS,HOU,2025-01-27,Monday,19:30,0
22400657,WAS,DAL,2025-01-27,Monday,20:30,0
22400648,CHA,LAL,2025-01-27,Monday,19:00,0
22400659,PHX,LAC,2025-01-27,Monday,21:30,1
22400652,ORL,MIA,2025-01-27,Monday,19:30,0
22400654,TOR,NOP,2025-01-27,Monday,19:30,0
22400647,POR,OKC,2025-01-26,Sunday,18:00,0
22400638,DET,ORL,2025-01-25,Saturday,19:00,0
22400643,MEM,UTA,2025-01-25,Saturday,20:00,0
22400644,LAL,GSW,2025-01-25,Saturday,20:30,1
22400646,MIL,LAC,2025-01-25,Saturday,22:30,0
22400636,BKN,MIA,2025-01-25,Saturday,18:00,0
22400640,CLE,HOU,2025-01-25,Saturday,19:30,0
22400641,SAC,NYK,2025-01-25,Saturday,19:30,0
22400635,BOS,DAL,2025-01-25,Saturday,17:30,1
22400637,NOP,CHA,2025-01-25,Saturday,19:00,0
22400634,MIN,DEN,2025-01-25,Saturday,15:00,1
22400645,WAS,PHX,2025-01-25,Saturday,21:00,0
22400639,ATL,TOR,2025-01-25,Saturday,19:30,0
22400633,IND,SAS,2025-01-25,Saturday,12:00,1
22400642,PHI,CHI,2025-01-25,Saturday,20:00,0
22400631,CLE,PHI,2025-01-24,Friday,19:00,0
22400632,MEM,NOP,2025-01-24,Friday,20:00,1
22400630,CHA,POR,2025-01-24,Friday,19:00,0
22400983,LAC,WAS,2025-01-23,Thursday,19:00,0
22400623,ATL,TOR,2025-01-23,Thursday,19:30,0
22400629,LAL,BOS,2025-01-23,Thursday,22:00,1
22400628,GSW,CHI,2025-01-23,Thursday,22:00,0
22400624,MIA,MIL,2025-01-23,Thursday,19:30,1
22400625,OKC,DAL,2025-01-23,Thursday,20:00,0
22400621,SAS,IND,2025-01-23,Thursday,14:00,1
22400622,ORL,POR,2025-01-23,Thursday,19:00,0
22400626,SAC,DEN,2025-01-23,Thursday,21:00,0
22400614,MIN,DAL,2025-01-22,Wednesday,19:30,1
22400618,UTA,OKC,2025-01-22,Wednesday,20:00,0
22400616,CHA,MEM,2025-01-22,Wednesday,20:00,0
22400613,PHX,BKN,2025-01-22,Wednesday,19:30,0
22400615,CLE,HOU,2025-01-22,Wednesday,20:00,0
22400620,LAC,BOS,2025-01-22,Wednesday,22:30,0
22400619,GSW,SAC,2025-01-22,Wednesday,22:00,1
22400612,ATL,DET,2025-01-22,Wednesday,19:30,0
22400609,DEN,PHI,2025-01-21,Tuesday,22:00,1
22400606,NYK,BKN,2025-01-21,Tuesday,19:30,1
22400610,WAS,LAL,2025-01-21,Tuesday,22:30,0
22400607,POR,MIA,2025-01-21,Tuesday,19:30,0
22400608,TOR,ORL,2025-01-21,Tuesday,19:30,0
22400602,NYK,ATL,2025-01-20,Monday,15:00,0
22400599,DAL,CHA,2025-01-20,Monday,12:00,1
22400605,NOP,UTA,2025-01-20,Monday,20:00,0
22400600,DET,HOU,2025-01-20,Monday,14:00,0
22400604,BOS,GSW,2025-01-20,Monday,17:00,1
22400601,MEM,MIN,2025-01-20,Monday,14:30,1
22400603,PHX,CLE,2025-01-20,Monday,15:30,0
22400611,LAC,CHI,2025-01-21,Tuesday,22:30,0
22400595,OKC,BKN,2025-01-19,Sunday,19:00,0
22400593,DEN,ORL,2025-01-19,Sunday,18:00,0
22400594,PHI,MIL,2025-01-19,Sunday,19:00,0
22400597,CHI,POR,2025-01-19,Sunday,21:00,0
22400596,LAL,LAC,2025-01-19,Sunday,21:00,0
22400598,WAS,SAC,2025-01-19,Sunday,21:00,0
22400592,MIA,SAS,2025-01-19,Sunday,15:00,0
22400590,MIN,CLE,2025-01-18,Saturday,21:00,0
22400587,BOS,ATL,2025-01-18,Saturday,19:00,0
22400588,PHI,IND,2025-01-18,Saturday,19:00,0
22400591,HOU,POR,2025-01-18,Saturday,22:00,0
22400589,WAS,GSW,2025-01-18,Saturday,20:30,0
22400586,PHX,DET,2025-01-18,Saturday,17:00,0
22400583,DAL,OKC,2025-01-17,Friday,20:30,0
22400577,BOS,ORL,2025-01-17,Friday,19:00,1
22400582,SAS,MEM,2025-01-17,Friday,20:00,0
22400581,NOP,UTA,2025-01-17,Friday,20:00,0
22400579,MIA,DEN,2025-01-17,Friday,20:00,0
22400580,MIL,TOR,2025-01-17,Friday,20:00,0
22400585,BKN,LAL,2025-01-17,Friday,22:30,0
22400578,NYK,MIN,2025-01-17,Friday,19:30,0
22400584,CHI,CHA,2025-01-17,Friday,21:30,1
22400576,SAC,HOU,2025-01-16,Thursday,22:00,1
22400572,DET,IND,2025-01-16,Thursday,19:00,0
22400574,CLE,OKC,2025-01-16,Thursday,20:00,0
22400573,PHX,WAS,2025-01-16,Thursday,19:30,1
22400575,POR,LAC,2025-01-16,Thursday,22:00,0
22400563,CHI,ATL,2025-01-15,Wednesday,20:00,0
22400571,LAC,BKN,2025-01-15,Wednesday,22:30,0
22400566,DAL,NOP,2025-01-15,Wednesday,20:00,0
22400564,MIL,ORL,2025-01-15,Wednesday,20:00,0
22400568,DEN,HOU,2025-01-15,Wednesday,21:00,0
22400562,BOS,TOR,2025-01-15,Wednesday,19:30,0
22400570,LAL,MIA,2025-01-15,Wednesday,22:00,1
22400569,CHA,UTA,2025-01-15,Wednesday,21:00,0
22400561,PHI,NYK,2025-01-15,Wednesday,19:30,1
22400565,GSW,MIN,2025-01-15,Wednesday,20:00,0
22400567,SAS,MEM,2025-01-15,Wednesday,20:00,0
22400558,MIL,SAC,2025-01-14,Tuesday,20:00,0
22400557,CHI,NOP,2025-01-14,Tuesday,20:00,0
22400560,BKN,POR,2025-01-14,Tuesday,22:00,0
22400555,PHI,OKC,2025-01-14,Tuesday,19:00,0
22400554,CLE,IND,2025-01-14,Tuesday,19:00,1
22400556,ATL,PHX,2025-01-14,Tuesday,19:30,0
22400559,DEN,DAL,2025-01-14,Tuesday,21:30,1
22400549,DET,NYK,2025-01-13,Monday,19:30,0
22400548,MIN,WAS,2025-01-13,Monday,19:00,0
22400551,HOU,MEM,2025-01-13,Monday,20:00,1
22400550,TOR,GSW,2025-01-13,Monday,19:30,0
22400553,MIA,LAC,2025-01-13,Monday,22:30,0
22400543,CLE,IND,2025-01-12,Sunday,18:00,0
22400547,PHX,CHA,2025-01-12,Sunday,21:00,0
22400545,OKC,WAS,2025-01-12,Sunday,18:00,0
22400541,CHI,SAC,2025-01-12,Sunday,15:30,0
22400542,BOS,NOP,2025-01-12,Sunday,18:00,0
22400546,UTA,BKN,2025-01-12,Sunday,20:00,0
22400539,MIL,NYK,2025-01-12,Sunday,15:00,0
22400544,PHI,ORL,2025-01-12,Sunday,18:00,0
22400540,DEN,DAL,2025-01-12,Sunday,15:00,0
22400534,DET,TOR,2025-01-11,Saturday,19:00,0
22400535,MIN,MEM,2025-01-11,Saturday,20:00,0
22400533,UTA,PHX,2025-01-11,Saturday,17:00,0
22400536,POR,MIA,2025-01-11,Saturday,22:00,0
22400528,BOS,SAC,2025-01-10,Friday,19:30,0
22400527,NOP,PHI,2025-01-10,Friday,19:00,1
22400529,NYK,OKC,2025-01-10,Friday,19:30,0
22400531,DEN,BKN,2025-01-10,Friday,21:00,0
22400526,MIL,ORL,2025-01-10,Friday,19:00,0
22400530,CHI,WAS,2025-01-10,Friday,20:00,0
22400525,IND,GSW,2025-01-10,Friday,19:00,0
22400519,ORL,MIN,2025-01-09,Thursday,20:00,1
22400517,CLE,TOR,2025-01-09,Thursday,19:00,0
22400520,MEM,HOU,2025-01-09,Thursday,20:00,0
22400518,GSW,DET,2025-01-09,Thursday,19:00,0
22400522,PHX,ATL,2025-01-09,Thursday,21:00,0
22400521,POR,DAL,2025-01-09,Thursday,20:30,0
22400523,MIA,UTA,2025-01-09,Thursday,21:00,0
22400509,CLE,OKC,2025-01-08,Wednesday,19:00,0
22400512,PHI,WAS,2025-01-08,Wednesday,19:00,0
22400510,CHI,IND,2025-01-08,Wednesday,19:00,0
22400513,BKN,DET,2025-01-08,Wednesday,19:30,0
22400514,NOP,POR,2025-01-08,Wednesday,20:00,0
22400511,TOR,NYK,2025-01-08,Wednesday,19:00,1
22400515,DEN,LAC,2025-01-08,Wednesday,21:00,0
22400516,SAS,MIL,2025-01-08,Wednesday,20:30,1
22400503,WAS,HOU,2025-01-07,Tuesday,19:00,0
22400508,MIA,GSW,2025-01-07,Tuesday,22:00,0
22400502,CHA,PHX,2025-01-07,Tuesday,19:00,0
22400506,UTA,ATL,2025-01-07,Tuesday,21:00,0
22400505,MIN,NOP,2025-01-07,Tuesday,20:00,0
22400507,BOS,DEN,2025-01-07,Tuesday,22:00,1
22400504,DAL,LAL,2025-01-07,Tuesday,19:30,1
22400501,MIA,SAC,2025-01-06,Monday,22:00,1
22400493,POR,DET,2025-01-06,Monday,19:00,0
22400500,MIN,LAC,2025-01-06,Monday,20:00,0
22400496,ORL,NYK,2025-01-06,Monday,19:30,0
22400499,DAL,MEM,2025-01-06,Monday,20:00,0
22400498,SAS,CHI,2025-01-06,Monday,20:00,0
22400497,TOR,MIL,2025-01-06,Monday,19:30,0
22400494,PHX,PHI,2025-01-06,Monday,19:00,1
22400495,BKN,IND,2025-01-06,Monday,19:30,0
22400490,ORL,UTA,2025-01-05,Sunday,18:30,0
22400489,WAS,NOP,2025-01-05,Sunday,18:00,0
22400491,LAL,HOU,2025-01-05,Sunday,19:00,0
22400492,GSW,SAC,2025-01-05,Sunday,20:30,0
22400488,CHA,CLE,2025-01-05,Sunday,18:00,0
22400487,BOS,OKC,2025-01-05,Sunday,15:30,0
22400483,MIL,POR,2025-01-04,Saturday,20:00,0
22400480,IND,PHX,2025-01-04,Saturday,19:00,0
22400485,MEM,GSW,2025-01-04,Saturday,20:30,0
22400484,SAS,DEN,2025-01-04,Saturday,20:00,1
22400482,NYK,CHI,2025-01-04,Saturday,20:00,0
22400481,UTA,MIA,2025-01-04,Saturday,20:00,0
22400486,LAC,ATL,2025-01-04,Saturday,22:30,1
22400479,MIN,DET,2025-01-04,Saturday,19:00,0
22400478,PHI,BKN,2025-01-04,Saturday,18:00,0
22400477,ATL,LAL,2025-01-03,Friday,22:30,1
22400470,TOR,ORL,2025-01-03,Friday,19:30,0
22400473,OKC,NYK,2025-01-03,Friday,20:00,1
22400471,BOS,HOU,2025-01-03,Friday,20:00,0
22400474,CLE,DAL,2025-01-03,Friday,20:30,0
22400472,NOP,WAS,2025-01-03,Friday,20:00,0
22400476,SAC,MEM,2025-01-03,Friday,22:00,0
22400475,DEN,SAS,2025-01-03,Friday,21:00,0
22400469,DET,CHA,2025-01-03,Friday,19:00,0
22400463,IND,MIA,2025-01-02,Thursday,19:30,0
22400464,MIN,BOS,2025-01-02,Thursday,19:30,1
22400465,MIL,BKN,2025-01-02,Thursday,20:00,0
22400467,GSW,PHI,2025-01-02,Thursday,22:00,1
22400466,OKC,LAC,2025-01-22,Wednesday,20:00,0
22400468,LAL,POR,2025-01-02,Thursday,22:30,0
22400457,NOP,MIA,2025-01-01,Wednesday,19:30,0
22400462,PHI,SAC,2025-01-01,Wednesday,22:00,0
22400460,HOU,DAL,2025-01-01,Wednesday,20:00,0
22400461,DEN,ATL,2025-01-01,Wednesday,21:00,0
22400458,NYK,UTA,2025-01-01,Wednesday,19:30,0
22400455,ORL,DET,2025-01-01,Wednesday,19:00,0
22400456,CHI,WAS,2025-01-01,Wednesday,19:00,0
22400459,TOR,BKN,2025-01-01,Wednesday,19:30,0
22400450,IND,MIL,2024-12-31,Tuesday,15:00,0
22400452,MIN,OKC,2024-12-31,Tuesday,20:00,1
22400451,LAC,SAS,2024-12-31,Tuesday,19:00,0
22400454,CLE,LAL,2024-12-31,Tuesday,21:00,0
22400453,MEM,PHX,2024-12-31,Tuesday,21:00,0
22400449,BOS,TOR,2024-12-31,Tuesday,15:00,0
22400448,DAL,SAC,2024-12-30,Monday,22:00,1
22400444,LAC,NOP,2024-12-30,Monday,20:00,1
22400447,POR,PHI,2024-12-30,Monday,22:00,0
22400446,GSW,CLE,2024-12-30,Monday,22:00,0
22400443,NYK,WAS,2024-12-30,Monday,19:00,0
22400442,CHA,CHI,2024-12-30,Monday,19:00,0
22400445,DEN,UTA,2024-12-30,Monday,21:00,0
22400440,MEM,OKC,2024-12-29,Sunday,19:00,0
22400439,MIA,HOU,2024-12-29,Sunday,19:00,0
22400437,IND,BOS,2024-12-29,Sunday,18:00,0
22400438,TOR,ATL,2024-12-29,Sunday,18:00,0
22400441,SAS,MIN,2024-12-29,Sunday,20:00,0
22400436,ORL,BKN,2024-12-29,Sunday,15:30,0
22400430,CHI,MIL,2024-12-28,Saturday,20:00,0
22400428,OKC,CHA,2024-12-28,Saturday,18:00,1
22400433,PHI,UTA,2024-12-28,Saturday,21:30,0
22400431,GSW,PHX,2024-12-28,Saturday,20:30,1
22400429,NYK,WAS,2024-12-28,Saturday,19:00,0
22400434,POR,DAL,2024-12-28,Saturday,22:00,0
22400435,LAL,SAC,2024-12-28,Saturday,22:30,0
22400432,DET,DEN,2024-12-28,Saturday,21:00,0
22400427,MIA,ATL,2024-12-28,Saturday,15:00,1
22400422,HOU,MIN,2024-12-27,Friday,20:00,0
22400421,SAS,BKN,2024-12-27,Friday,19:30,0
22400425,DAL,PHX,2024-12-27,Friday,21:00,0
22400424,CLE,DEN,2024-12-27,Friday,21:00,0
22400426,GSW,LAC,2024-12-27,Friday,22:00,1
22400423,MEM,NOP,2024-12-27,Friday,20:00,0
22400419,ORL,NYK,2024-12-27,Friday,19:00,0
22400420,BOS,IND,2024-12-27,Friday,19:30,1
22400417,UTA,POR,2024-12-26,Thursday,22:00,1
22400415,BKN,MIL,2024-12-26,Thursday,20:00,0
22400411,MIA,ORL,2024-12-26,Thursday,19:00,0
22400410,IND,OKC,2024-12-26,Thursday,19:00,1
22400418,SAC,DET,2024-12-26,Thursday,22:00,0
22400413,ATL,CHI,2024-12-26,Thursday,19:30,0
22400414,TOR,MEM,2024-12-26,Thursday,20:00,0
22400416,HOU,NOP,2024-12-26,Thursday,20:00,0
22400412,WAS,CHA,2024-12-26,Thursday,19:00,0
22400409,PHX,DEN,2024-12-25,Wednesday,22:30,1
22400408,LAL,GSW,2024-12-25,Wednesday,20:00,1
22400405,NYK,SAS,2024-12-25,Wednesday,12:00,1
22400407,PHI,BOS,2025-02-02,Sunday,18:00,1
22400406,MIN,DAL,2024-12-25,Wednesday,14:30,1
22400395,MIN,ATL,2024-12-23,Monday,19:30,0
22400396,BKN,MIA,2024-12-23,Monday,19:30,0
22400399,LAC,MEM,2024-12-23,Monday,20:00,0
22400393,BOS,ORL,2024-12-23,Monday,19:00,0
22400402,DEN,PHX,2024-12-23,Monday,22:00,0
22400391,CHA,HOU,2024-12-23,Monday,19:00,0
22400394,PHI,SAS,2024-12-23,Monday,19:00,1
22400398,CHI,MIL,2024-12-23,Monday,20:00,0
22400401,DAL,POR,2024-12-23,Monday,20:30,0
22400400,OKC,WAS,2024-12-23,Monday,20:00,0
22400403,GSW,IND,2024-12-23,Monday,22:00,1
22400404,DET,LAL,2024-12-23,Monday,22:30,0
22400397,NYK,TOR,2024-12-23,Monday,19:30,0
22400392,UTA,CLE,2024-12-23,Monday,19:00,0
22400390,NOP,DEN,2024-12-22,Sunday,19:00,0
22400388,HOU,TOR,2024-12-22,Sunday,18:00,0
22400389,SAC,IND,2024-12-22,Sunday,18:00,0
22400377,ORL,MIA,2024-12-21,Saturday,19:00,0
22400385,LAC,DAL,2024-12-21,Saturday,20:30,0
22400384,NOP,NYK,2024-12-21,Saturday,20:00,1
22400386,POR,SAS,2024-12-21,Saturday,20:30,0
22400381,BOS,CHI,2024-12-21,Saturday,20:00,0
22400378,ATL,MEM,2024-12-21,Saturday,19:30,0
22400382,MIL,WAS,2024-12-21,Saturday,20:00,0
22400387,DET,PHX,2024-12-21,Saturday,21:00,0
22400380,CLE,PHI,2024-12-21,Saturday,20:00,0
22400376,LAL,SAC,2024-12-21,Saturday,18:00,0
22400383,GSW,MIN,2024-12-21,Saturday,20:00,0
22400379,BKN,UTA,2024-12-21,Saturday,19:30,0
22400373,PHI,CHA,2024-12-20,Friday,19:00,0
22400374,CLE,MIL,2024-12-20,Friday,19:30,1
22400375,MIA,OKC,2024-12-20,Friday,20:00,0
22400370,ATL,SAS,2024-12-19,Thursday,21:30,1
22400372,SAC,LAL,2024-12-19,Thursday,22:00,0
22400368,LAC,DAL,2024-12-19,Thursday,20:30,0
22400363,CHI,BOS,2024-12-19,Thursday,19:30,0
22400366,MEM,GSW,2024-12-19,Thursday,20:00,0
22400365,HOU,NOP,2024-12-19,Thursday,20:00,0
22400360,DET,UTA,2024-12-19,Thursday,19:00,0
22400361,OKC,ORL,2024-12-19,Thursday,19:00,1
22400367,NYK,MIN,2024-12-19,Thursday,20:00,0
22400371,DEN,POR,2024-12-19,Thursday,22:00,0
22400369,IND,PHX,2024-12-19,Thursday,21:00,0
22400364,BKN,TOR,2024-12-19,Thursday,19:30,0
22400362,CHA,WAS,2024-12-19,Thursday,19:00,0
22401224,CLE,BKN,2024-12-16,Monday,19:30,0
22401223,CHI,TOR,2024-12-16,Monday,20:00,0
22401226,LAC,UTA,2024-12-16,Monday,22:30,0
22401225,DEN,SAC,2024-12-16,Monday,22:00,0
22401222,PHI,CHA,2024-12-16,Monday,19:00,0
22401221,DET,MIA,2024-12-16,Monday,19:00,0
22401220,MEM,LAL,2024-12-15,Sunday,22:30,0
22401227,NYK,ORL,2024-12-15,Sunday,19:00,0
22401217,BOS,WAS,2024-12-15,Sunday,19:00,0
22401219,POR,PHX,2024-12-15,Sunday,21:00,0
22401218,SAS,MIN,2024-12-15,Sunday,20:00,0
22401216,NOP,IND,2024-12-15,Sunday,19:00,0
22401228,DAL,GSW,2024-12-15,Sunday,20:30,1
22401230,OKC,HOU,2024-12-14,Saturday,20:00,0
22401229,MIL,ATL,2024-12-14,Saturday,20:00,0
22401209,IND,PHI,2024-12-13,Friday,19:00,0
22401208,CLE,WAS,2024-12-13,Friday,19:00,0
22401212,CHA,CHI,2024-12-13,Friday,19:30,0
22401210,LAL,MIN,2024-12-13,Friday,19:00,0
22401213,DEN,LAC,2024-12-13,Friday,21:00,0
22401214,UTA,PHX,2024-12-13,Friday,21:00,0
22401211,BKN,MEM,2024-12-13,Friday,19:30,0
22401215,POR,SAS,2024-12-13,Friday,20:30,0
22401205,DET,BOS,2024-12-12,Thursday,19:00,0
22401207,SAC,NOP,2024-12-12,Thursday,22:00,0
22401206,MIA,TOR,2024-12-12,Thursday,19:30,0
22401204,GSW,HOU,2024-12-11,Wednesday,22:00,1
22401202,ATL,NYK,2024-12-11,Wednesday,19:30,0
22401203,OKC,DAL,2024-12-10,Tuesday,20:00,0
22401201,ORL,MIL,2024-12-10,Tuesday,20:00,0
22400359,NYK,TOR,2024-12-09,Monday,19:30,1
22400351,MIA,CLE,2024-12-08,Sunday,18:00,0
22400358,LAL,POR,2024-12-08,Sunday,21:30,0
22400350,ATL,DEN,2024-12-08,Sunday,18:00,0
22400347,PHI,CHI,2024-12-08,Sunday,12:00,0
22400356,LAC,HOU,2024-12-08,Sunday,21:00,0
22400357,SAC,UTA,2024-12-08,Sunday,21:00,0
22400354,NOP,SAS,2024-12-08,Sunday,19:00,0
22400353,WAS,MEM,2024-12-08,Sunday,19:00,0
22400349,IND,CHA,2024-12-08,Sunday,17:00,0
22400348,MIL,BKN,2024-12-08,Sunday,15:30,0
22400352,PHX,ORL,2024-12-08,Sunday,18:30,0
22400355,GSW,MIN,2024-12-08,Sunday,20:30,0
22400345,MEM,BOS,2024-12-07,Saturday,20:00,0
22400346,MIA,PHX,2024-12-07,Saturday,20:00,0
22400340,CHA,CLE,2024-12-07,Saturday,13:00,0
22400343,NYK,DET,2024-12-07,Saturday,19:30,0
22400341,WAS,DEN,2024-12-07,Saturday,19:00,0
22400344,DAL,TOR,2024-12-07,Saturday,19:30,0
22400342,NOP,OKC,2024-12-07,Saturday,19:00,0
22400339,POR,UTA,2024-12-06,Friday,22:00,0
22400338,MIN,GSW,2024-12-06,Friday,22:00,1
22400335,BOS,MIL,2024-12-06,Friday,19:30,1
22400334,LAL,ATL,2024-12-06,Friday,19:30,0
22400337,SAS,SAC,2024-12-06,Friday,20:00,0
22400336,CHI,IND,2024-12-06,Friday,20:00,0
22400333,ORL,PHI,2024-12-06,Friday,19:00,0
22400328,TOR,OKC,2024-12-05,Thursday,19:30,0
22400332,GSW,HOU,2024-12-05,Thursday,22:00,1
22400330,PHX,NOP,2024-12-05,Thursday,20:00,0
22400331,SAS,CHI,2024-12-05,Thursday,20:00,0
22400325,CLE,DEN,2024-12-05,Thursday,19:00,1
22400329,SAC,MEM,2024-12-05,Thursday,20:00,0
22400326,WAS,DAL,2024-12-05,Thursday,19:00,0
22400327,NYK,CHA,2024-12-05,Thursday,19:30,0
22400320,IND,BKN,2024-12-04,Wednesday,19:30,0
22400323,ATL,MIL,2024-12-04,Wednesday,20:00,0
22400321,LAL,MIA,2024-12-04,Wednesday,19:30,1
22400324,MIN,LAC,2024-12-04,Wednesday,22:30,1
22400319,BOS,DET,2024-12-04,Wednesday,19:30,0
22400322,PHI,ORL,2024-12-04,Wednesday,19:30,0
22400057,SAS,PHX,2024-11-26,Tuesday,21:00,0
22400054,TOR,IND,2024-12-03,Tuesday,19:30,0
22400051,CLE,WAS,2024-12-03,Tuesday,19:00,0
22400060,POR,LAC,2024-12-03,Tuesday,22:30,0
22400053,NYK,ORL,2024-12-03,Tuesday,19:30,1
22400055,OKC,UTA,2024-12-03,Tuesday,20:00,0
22400052,MIL,DET,2024-12-03,Tuesday,19:00,0
22400058,GSW,DEN,2024-12-03,Tuesday,22:00,1
22400059,SAC,HOU,2024-12-03,Tuesday,22:00,0
22400050,CHA,PHI,2024-12-03,Tuesday,19:00,0
22400056,DAL,MEM,2024-12-03,Tuesday,20:30,0
22400318,LAL,MIN,2024-12-02,Monday,20:00,1
22400316,MIA,BOS,2024-12-02,Monday,19:30,0
22400315,ATL,NOP,2024-12-02,Monday,19:30,0
22400317,BKN,CHI,2024-12-02,Monday,20:00,0
22400307,CLE,BOS,2024-12-01,Sunday,18:00,0
22400310,OKC,HOU,2024-12-01,Sunday,19:00,0
22400311,UTA,LAL,2024-12-01,Sunday,20:00,0
22400314,LAC,DEN,2024-12-01,Sunday,22:00,0
22400308,NOP,NYK,2024-12-01,Sunday,18:00,0
22400312,DAL,POR,2024-12-01,Sunday,21:00,0
22400313,SAS,SAC,2024-12-01,Sunday,21:00,0
22400309,MIA,TOR,2024-12-01,Sunday,18:00,0
22400306,IND,MEM,2024-12-01,Sunday,15:30,0
22400305,BKN,ORL,2024-12-01,Sunday,15:30,0
22400303,PHX,GSW,2024-11-30,Saturday,21:00,1
22400304,UTA,DAL,2024-11-30,Saturday,21:30,0
22400300,CHA,ATL,2024-11-30,Saturday,18:00,0
22400302,MIL,WAS,2024-11-30,Saturday,20:00,0
22400301,PHI,DET,2024-11-30,Saturday,19:00,0
22400045,IND,DET,2024-11-29,Friday,20:00,0
22400046,MIA,TOR,2024-11-29,Friday,20:00,0
22400048,LAL,OKC,2024-11-29,Friday,22:00,1
22400044,MIN,LAC,2024-11-29,Friday,19:30,1
22400049,SAC,POR,2024-11-29,Friday,22:00,0
22400041,CLE,ATL,2024-11-29,Friday,14:30,1
22400043,ORL,BKN,2024-11-29,Friday,19:30,0
22400040,CHA,NYK,2024-11-29,Friday,12:00,1
22400042,MEM,NOP,2024-11-29,Friday,17:00,1
22400047,CHI,BOS,2024-11-29,Friday,20:00,0
22400299,GSW,OKC,2024-11-27,Wednesday,22:00,1
22400296,SAS,LAL,2024-11-27,Wednesday,20:30,0
22400292,NYK,DAL,2024-11-27,Wednesday,19:30,1
22400297,BKN,PHX,2024-11-27,Wednesday,21:00,0
22400298,DEN,UTA,2024-11-27,Wednesday,21:00,0
22400288,IND,POR,2024-11-27,Wednesday,19:00,0
22400294,SAC,MIN,2024-11-27,Wednesday,20:00,0
22400295,NOP,TOR,2024-11-27,Wednesday,20:00,0
22400286,CHA,MIA,2024-11-27,Wednesday,19:00,0
22400287,ATL,CLE,2024-11-27,Wednesday,19:00,0
22400291,LAC,WAS,2024-11-27,Wednesday,19:00,0
22400289,CHI,ORL,2024-11-27,Wednesday,19:00,0
22400290,PHI,HOU,2024-11-27,Wednesday,19:00,0
22400293,DET,MEM,2024-11-27,Wednesday,20:00,0
22400037,HOU,MIN,2024-11-26,Tuesday,20:00,0
22400035,CHI,WAS,2024-11-26,Tuesday,19:00,0
22400036,MIA,MIL,2024-11-26,Tuesday,19:30,1
22400038,UTA,SAS,2024-11-26,Tuesday,21:00,0
22400039,PHX,LAL,2024-11-26,Tuesday,22:00,1
22400284,BKN,GSW,2024-11-25,Monday,22:00,0
22400285,OKC,SAC,2024-11-25,Monday,22:00,1
22400280,ATL,DAL,2024-11-25,Monday,19:30,1
22400277,CHA,ORL,2024-11-25,Monday,19:00,0
22400278,DET,TOR,2024-11-25,Monday,19:00,0
22400283,NYK,DEN,2024-11-25,Monday,21:00,0
22400282,MEM,POR,2024-11-25,Monday,20:00,0
22400281,BOS,LAC,2024-11-25,Monday,19:30,0
22400279,NOP,IND,2024-11-25,Monday,19:00,0
22400271,MIN,BOS,2024-11-24,Sunday,15:30,0
22400272,IND,WAS,2024-11-24,Sunday,17:00,0
22400276,BKN,SAC,2024-11-24,Sunday,21:00,0
22400275,TOR,CLE,2024-11-24,Sunday,19:30,0
22400273,MIA,DAL,2024-11-24,Sunday,18:00,0
22400274,LAC,PHI,2024-11-24,Sunday,18:00,0
22400269,SAS,GSW,2024-11-23,Saturday,20:30,0
22400267,HOU,POR,2024-11-23,Saturday,20:00,0
22400264,UTA,NYK,2024-11-23,Saturday,17:00,1
22400270,LAL,DEN,2024-11-23,Saturday,22:30,1
22400266,MEM,CHI,2024-11-23,Saturday,20:00,1
22400265,ORL,DET,2024-11-23,Saturday,19:00,0
22400268,CHA,MIL,2024-11-23,Saturday,20:00,0
22400032,NOP,GSW,2024-11-22,Friday,20:00,0
22400030,ATL,CHI,2024-11-22,Friday,20:00,0
22400027,PHI,BKN,2024-11-22,Friday,19:00,0
22400029,MIL,IND,2024-11-22,Friday,19:30,1
22400033,DAL,DEN,2024-11-22,Friday,22:00,1
22400031,POR,HOU,2024-11-22,Friday,20:00,0
22400034,LAC,SAC,2024-11-22,Friday,22:30,0
22400028,BOS,WAS,2024-11-22,Friday,19:00,0
22400263,ORL,LAL,2024-11-21,Thursday,22:30,0
22400261,TOR,MIN,2024-11-21,Thursday,19:30,0
22400260,CHA,DET,2024-11-21,Thursday,19:00,1
22400262,UTA,SAS,2025-04-13,Sunday,15:30,0
22400254,IND,HOU,2024-11-20,Wednesday,20:00,0
22400259,LAC,ORL,2024-11-20,Wednesday,22:30,0
22400252,CLE,NOP,2024-11-20,Wednesday,19:30,0
22400257,PHX,NYK,2024-11-20,Wednesday,22:00,1
22400255,PHI,MEM,2024-11-20,Wednesday,20:00,0
22400256,POR,OKC,2024-11-20,Wednesday,20:00,0
22400258,GSW,ATL,2024-11-20,Wednesday,22:00,0
22400253,MIL,CHI,2024-11-20,Wednesday,19:30,1
22400023,DEN,MEM,2024-11-19,Tuesday,20:00,0
22400026,UTA,LAL,2024-11-19,Tuesday,22:30,0
22400022,BKN,CHA,2024-11-19,Tuesday,19:30,0
22400021,BOS,CLE,2024-11-19,Tuesday,19:00,1
22400025,SAS,OKC,2024-11-19,Tuesday,21:30,1
22400024,NOP,DAL,2024-11-19,Tuesday,20:30,0
22400246,NYK,WAS,2024-11-18,Monday,19:30,0
22400248,MIL,HOU,2024-11-18,Monday,20:00,1
22400249,ORL,PHX,2024-11-18,Monday,21:00,0
22400244,CHI,DET,2024-11-18,Monday,19:00,0
22400250,SAC,ATL,2024-11-18,Monday,22:00,0
22400251,GSW,LAC,2024-11-18,Monday,22:30,1
22400245,PHI,MIA,2024-11-18,Monday,19:30,0
22400247,IND,TOR,2024-11-18,Monday,19:30,0
22400242,OKC,DAL,2024-11-17,Sunday,19:00,0
22400236,CLE,CHA,2024-11-17,Sunday,18:00,0
22400239,ATL,POR,2024-11-17,Sunday,18:00,0
22400237,DET,WAS,2024-11-17,Sunday,18:00,0
22400238,MEM,DEN,2024-11-17,Sunday,18:00,0
22400241,CHI,HOU,2024-11-17,Sunday,19:00,0
22400243,UTA,LAC,2024-11-17,Sunday,21:00,0
22400240,NYK,BKN,2024-11-17,Sunday,19:00,0
22400235,IND,MIA,2024-11-17,Sunday,17:00,0
22400234,PHX,MIN,2024-11-17,Sunday,15:30,0
22400230,BOS,TOR,2024-11-16,Saturday,20:00,0
22400233,SAC,UTA,2024-11-16,Saturday,22:00,0
22400231,LAL,NOP,2024-11-16,Saturday,20:00,0
22400232,DAL,SAS,2024-11-16,Saturday,20:30,1
22400229,MIL,CHA,2024-11-16,Saturday,15:00,0
22400014,BKN,NYK,2024-11-15,Friday,19:30,0
22400012,ATL,WAS,2024-11-15,Friday,19:30,0
22400018,OKC,PHX,2024-11-15,Friday,20:00,0
22400017,DEN,NOP,2024-11-15,Friday,20:00,0
22400009,MIA,IND,2024-11-15,Friday,19:00,0
22400019,GSW,MEM,2024-11-15,Friday,22:00,1
22400010,ORL,PHI,2024-11-15,Friday,19:00,0
22400013,CHI,CLE,2024-11-15,Friday,19:30,0
22400011,DET,TOR,2024-11-15,Friday,19:00,0
22400015,LAL,SAS,2024-11-15,Friday,19:30,1
22400020,SAC,MIN,2024-11-15,Friday,22:00,0
22400016,HOU,LAC,2024-11-15,Friday,20:00,0
22400228,UTA,DAL,2024-11-14,Thursday,21:00,1
22400225,MEM,LAL,2024-11-13,Wednesday,22:00,1
22400217,IND,ORL,2024-11-13,Wednesday,19:00,0
22400223,MIL,DET,2024-11-13,Wednesday,20:00,0
22400219,NYK,CHI,2024-11-13,Wednesday,19:30,0
22400227,SAC,PHX,2024-11-13,Wednesday,22:00,0
22400218,BOS,BKN,2024-11-13,Wednesday,19:30,0
22400220,PHI,CLE,2024-11-13,Wednesday,19:30,0
22400222,LAC,HOU,2024-11-13,Wednesday,20:00,0
22400226,POR,MIN,2024-11-13,Wednesday,22:00,0
22400224,WAS,SAS,2024-11-13,Wednesday,20:00,0
22400221,OKC,NOP,2024-11-13,Wednesday,19:30,1
22400001,ATL,BOS,2024-11-12,Tuesday,19:00,0
22400007,GSW,DAL,2024-11-12,Tuesday,22:00,1
22400008,POR,MIN,2024-11-12,Tuesday,22:00,0
22400002,MIA,DET,2024-11-12,Tuesday,19:00,0
22400006,PHX,UTA,2024-11-12,Tuesday,21:00,0
22400004,PHI,NYK,2024-11-12,Tuesday,19:30,1
22400003,CHA,ORL,2024-11-12,Tuesday,19:00,0
22400005,TOR,MIL,2024-11-12,Tuesday,20:00,0
22400212,CHI,CLE,2024-11-11,Monday,20:00,0
22400215,LAC,OKC,2024-11-11,Monday,20:00,1
22400213,HOU,WAS,2024-11-11,Monday,20:00,0
22400214,NOP,BKN,2024-11-11,Monday,20:00,0
22400216,SAC,SAS,2024-11-11,Monday,20:00,0
22400207,GSW,OKC,2024-11-10,Sunday,19:00,0
22400206,MIN,MIA,2024-11-10,Sunday,19:00,0
22400209,SAC,PHX,2024-11-10,Sunday,20:00,0
22400203,NYK,IND,2024-11-10,Sunday,17:00,0
22400211,LAL,TOR,2024-11-10,Sunday,21:30,0
22400208,DEN,DAL,2024-11-10,Sunday,20:00,0
22400205,CHA,PHI,2024-11-10,Sunday,19:00,0
22400204,WAS,ORL,2024-11-10,Sunday,18:00,0
22400210,POR,MEM,2024-11-10,Sunday,21:00,0
22400202,MIL,BOS,2024-11-10,Sunday,15:30,0
22400201,HOU,DET,2024-11-10,Sunday,15:00,0
22400200,TOR,LAC,2024-11-09,Saturday,22:30,1
22400197,UTA,SAS,2024-11-09,Saturday,17:00,1
22400199,BKN,CLE,2024-11-09,Saturday,19:30,1
22400198,CHI,ATL,2024-11-09,Saturday,19:30,0
22400193,MIN,POR,2024-11-08,Friday,21:00,0
22400184,CHA,IND,2024-11-08,Friday,19:00,0
22400190,DAL,PHX,2024-11-08,Friday,19:30,1
22400195,LAL,PHI,2024-11-08,Friday,22:00,1
22400188,CLE,GSW,2024-11-08,Friday,19:30,0
22400196,LAC,SAC,2024-11-08,Friday,22:00,0
22400191,WAS,MEM,2024-11-08,Friday,20:00,0
22400192,OKC,HOU,2024-11-08,Friday,20:00,0
22400185,ATL,DET,2024-11-08,Friday,19:00,0
22400186,ORL,NOP,2024-11-08,Friday,19:00,0
22400187,BKN,BOS,2024-11-08,Friday,19:30,0
22400189,MIL,NYK,2024-11-08,Friday,19:30,0
22400194,MIA,DEN,2024-11-08,Friday,21:00,0
22400183,POR,SAS,2024-11-07,Thursday,20:00,0
22400181,MIN,CHI,2024-11-07,Thursday,20:00,1
22400182,MIL,UTA,2024-11-07,Thursday,20:00,0
22400180,TOR,SAC,2024-11-06,Wednesday,22:00,0
22400169,DET,CHA,2024-11-06,Wednesday,19:00,0
22400179,PHI,LAC,2024-11-06,Wednesday,22:00,1
22400171,ATL,NYK,2024-11-06,Wednesday,19:30,0
22400170,ORL,IND,2024-11-06,Wednesday,19:00,0
22400172,BOS,GSW,2024-11-06,Wednesday,19:30,1
22400173,SAS,HOU,2024-11-06,Wednesday,20:00,0
22400177,DEN,OKC,2024-11-06,Wednesday,21:00,0
22400176,DAL,CHI,2024-11-06,Wednesday,20:30,0
22400175,CLE,NOP,2024-11-06,Wednesday,20:00,0
22400178,MIA,PHX,2024-11-06,Wednesday,21:00,0
22400174,MEM,LAL,2024-11-06,Wednesday,20:00,0
22400162,CHA,MIN,2024-11-04,Monday,21:00,0
22400159,MIA,SAC,2024-11-04,Monday,20:15,0
22400155,GSW,WAS,2024-11-04,Monday,19:15,0
22400166,DEN,TOR,2024-11-04,Monday,22:00,0
22400161,NYK,HOU,2024-11-04,Monday,20:45,0
22400163,OKC,ORL,2024-11-04,Monday,21:15,0
22400168,SAS,LAC,2024-11-04,Monday,22:30,0
22400167,PHI,PHX,2024-11-04,Monday,22:15,1
22400154,MIL,CLE,2024-11-04,Monday,19:00,1
22400160,CHI,UTA,2024-11-04,Monday,20:30,0
22400157,ATL,BOS,2024-11-04,Monday,19:45,0
22400165,DAL,IND,2024-11-04,Monday,21:45,0
22400156,DET,LAL,2024-11-04,Monday,19:30,0
22400158,BKN,MEM,2024-11-04,Monday,20:00,0
22400164,POR,NOP,2024-11-04,Monday,21:30,0
22400153,DAL,ORL,2024-11-03,Sunday,19:30,0
22400151,BKN,DET,2024-11-03,Sunday,15:30,0
22400152,ATL,NOP,2024-11-03,Sunday,19:00,0
22400141,BOS,CHA,2024-11-02,Saturday,18:00,0
22400147,WAS,MIA,2024-11-02,Saturday,21:30,1
22400142,MEM,PHI,2024-11-02,Saturday,19:30,0
22400150,LAC,OKC,2024-11-02,Saturday,22:30,0
22400148,DEN,UTA,2024-11-02,Saturday,22:00,0
22400146,SAS,MIN,2024-11-02,Saturday,20:00,0
22400143,TOR,SAC,2024-11-02,Saturday,19:30,0
22400145,CLE,MIL,2024-11-02,Saturday,20:00,0
22400149,POR,PHX,2024-11-02,Saturday,22:00,0
22400144,HOU,GSW,2024-11-02,Saturday,20:00,0
22400136,BKN,CHI,2024-11-01,Friday,19:30,0
22400138,IND,NOP,2024-11-01,Friday,20:00,0
22400132,CHA,BOS,2024-11-01,Friday,19:00,0
22400135,SAC,ATL,2024-11-01,Friday,19:30,0
22400139,MIN,DEN,2024-11-01,Friday,21:30,1
22400140,POR,OKC,2024-11-01,Friday,22:00,0
22400133,ORL,CLE,2024-11-01,Friday,19:00,1
22400134,NYK,DET,2024-11-01,Friday,19:00,0
22400137,TOR,LAL,2024-11-01,Friday,19:30,0
22400128,MEM,MIL,2024-10-31,Thursday,20:00,1
22400129,HOU,DAL,2024-10-31,Thursday,20:30,0
22400130,UTA,SAS,2024-10-31,Thursday,21:00,0
22400131,LAC,PHX,2024-10-31,Thursday,22:30,1
22400126,GSW,NOP,2024-10-30,Wednesday,22:00,0
22400121,WAS,ATL,2024-10-30,Wednesday,19:00,0
22400127,POR,LAC,2024-10-30,Wednesday,22:30,0
22400119,BOS,IND,2024-10-30,Wednesday,19:00,1
22400117,CHA,TOR,2024-10-30,Wednesday,19:00,0
22400124,MEM,BKN,2024-10-30,Wednesday,20:00,0
22400123,ORL,CHI,2024-10-30,Wednesday,20:00,0
22400118,CLE,LAL,2024-10-30,Wednesday,19:00,0
22400125,OKC,SAS,2024-10-30,Wednesday,21:30,1
22400122,NYK,MIA,2024-10-30,Wednesday,19:30,0
22400120,DET,PHI,2024-10-30,Wednesday,19:00,0
22400116,NOP,GSW,2024-10-29,Tuesday,22:00,1
22400115,SAC,UTA,2024-10-29,Tuesday,21:00,0
22400113,BKN,DEN,2024-10-29,Tuesday,19:30,0
22400114,DAL,MIN,2024-10-29,Tuesday,19:30,1
22400105,DET,MIA,2024-10-28,Monday,19:30,0
22400112,POR,SAC,2024-10-28,Monday,22:00,0
22400104,BOS,MIL,2024-10-28,Monday,19:30,1
22400106,CLE,NYK,2024-10-28,Monday,19:30,0
22400103,ATL,WAS,2024-10-28,Monday,19:30,0
22400102,IND,ORL,2024-10-28,Monday,19:00,0
22400108,CHI,MEM,2024-10-28,Monday,20:00,0
22400109,HOU,SAS,2024-10-28,Monday,20:00,0
22400107,DEN,TOR,2024-10-28,Monday,19:30,0
22400111,PHX,LAL,2024-10-28,Monday,22:00,1
22400110,DAL,UTA,2024-10-28,Monday,20:30,0
22400100,OKC,ATL,2024-10-27,Sunday,19:00,0
22400098,MIL,BKN,2024-10-27,Sunday,18:00,0
22400097,IND,PHI,2024-10-27,Sunday,15:30,0
22400101,LAC,GSW,2024-10-27,Sunday,20:30,0
22400099,NOP,POR,2024-10-27,Sunday,18:00,0
22400093,MIN,TOR,2024-10-26,Saturday,20:00,0
22400089,BOS,DET,2024-10-26,Saturday,19:00,0
22400095,DAL,PHX,2024-10-26,Saturday,22:00,0
22400088,CHA,MIA,2024-10-26,Saturday,19:00,0
22400090,CLE,WAS,2024-10-26,Saturday,19:00,0
22400094,HOU,SAS,2024-10-26,Saturday,20:30,0
22400091,CHI,OKC,2024-10-26,Saturday,20:00,0
22400096,LAL,SAC,2024-10-26,Saturday,22:30,1
22400092,ORL,MEM,2024-10-26,Saturday,20:00,1
22400087,LAC,DEN,2024-10-26,Saturday,17:00,1
22400086,NOP,POR,2024-10-25,Friday,22:00,0
22400083,MIL,CHI,2024-10-25,Friday,20:00,0
22400079,ATL,CHA,2024-10-25,Friday,19:30,0
22400077,ORL,BKN,2024-10-25,Friday,19:00,0
22400082,MEM,HOU,2024-10-25,Friday,20:00,0
22400078,TOR,PHI,2024-10-25,Friday,19:00,0
22400080,DET,CLE,2024-10-25,Friday,19:30,0
22400085,PHX,LAL,2024-10-25,Friday,22:00,1
22400081,IND,NYK,2024-10-25,Friday,19:30,1
22400084,UTA,GSW,2024-10-25,Friday,21:30,0
22400074,SAS,DAL,2024-10-24,Thursday,19:30,1
22400076,MIN,SAC,2024-10-24,Thursday,22:00,0
22400073,WAS,BOS,2024-10-24,Thursday,19:00,0
22400075,OKC,DEN,2024-10-24,Thursday,22:00,1
22400064,BKN,ATL,2024-10-23,Wednesday,19:30,0
22400063,IND,DET,2024-10-23,Wednesday,19:00,0
22400072,GSW,POR,2024-10-23,Wednesday,22:00,0
22400071,LAC,PHX,2024-10-23,Wednesday,22:00,1
22400066,PHI,MIL,2024-10-23,Wednesday,19:30,1
22400065,MIA,ORL,2024-10-23,Wednesday,19:30,0
22400068,CHA,HOU,2024-10-23,Wednesday,20:00,0
22400070,MEM,UTA,2024-10-23,Wednesday,21:00,0
22400067,CLE,TOR,2024-10-23,Wednesday,19:30,0
22400069,CHI,NOP,2024-10-23,Wednesday,20:00,0
22400061,BOS,NYK,2024-10-22,Tuesday,19:30,1
22400062,LAL,MIN,2024-10-22,Tuesday,22:00,1